label,run_dir,task,block,step,loss,g_mean,g_frac>0.5,lr,g_b0_Q1,g_b0_Q2,g_b0_Q3,g_b0_Q4
E17_parallel-s1337,C:\Users\andre\Documents\_projects\_memformer\dncformer\experiments\runs\dncformer-20250827-144054-E17_parallel-s1337,copy,0,10,8.552380561828613,0.5982900857925415,0.9287109375,4.000015906058252e-05,0.6358339786529541,0.5833417177200317,0.5877814292907715,0.5862030982971191
E17_parallel-s1337,C:\Users\andre\Documents\_projects\_memformer\dncformer\experiments\runs\dncformer-20250827-144054-E17_parallel-s1337,copy,0,30,6.431219577789307,0.6258909702301025,0.9228515625,0.00012000007700407878,0.6379278302192688,0.6198171377182007,0.6168696880340576,0.6289491057395935
E17_parallel-s1337,C:\Users\andre\Documents\_projects\_memformer\dncformer\experiments\runs\dncformer-20250827-144054-E17_parallel-s1337,copy,0,50,5.66397762298584,0.976035475730896,1.0,0.00019999999494757503,0.9778620004653931,0.9757256507873535,0.975653886795044,0.9749004244804382
E17_parallel-s1337,C:\Users\andre\Documents\_projects\_memformer\dncformer\experiments\runs\dncformer-20250827-144054-E17_parallel-s1337,copy,0,120,6.671499729156494,0.99692302942276,0.99609375,0.00015085915219970047,0.9877027273178101,0.9999949336051941,0.9999971389770508,0.9999973177909851
E17_parallel-s1337,C:\Users\andre\Documents\_projects\_memformer\dncformer\experiments\runs\dncformer-20250827-144054-E17_parallel-s1337,copy,0,220,5.518223762512207,0.9992574453353882,1.0,2.9809412808390334e-05,0.9972310662269592,0.9999309778213501,0.9999363422393799,0.9999314546585083
E17_parallel-s1337,C:\Users\andre\Documents\_projects\_memformer\dncformer\experiments\runs\dncformer-20250827-144054-E17_parallel-s1337,copy,0,300,12.981553077697754,0.9105067253112793,0.9765625,0.00019314915698487312,0.8338662385940552,0.9260256290435791,0.9391133785247803,0.9430214762687683
E17_parallel-s1337,C:\Users\andre\Documents\_projects\_memformer\dncformer\experiments\runs\dncformer-20250827-144054-E17_parallel-s1337,copy,0,330,6.863004684448242,0.997370719909668,0.998046875,0.00018281153461430222,0.9898785352706909,0.9998626708984375,0.9998670220375061,0.9998746514320374
E17_parallel-s1337,C:\Users\andre\Documents\_projects\_memformer\dncformer\experiments\runs\dncformer-20250827-144054-E17_parallel-s1337,copy,0,390,5.70633602142334,0.99626624584198,0.998046875,0.00015085915219970047,0.9869637489318848,0.9992774724960327,0.9993598461151123,0.9994641542434692
E17_parallel-s1337,C:\Users\andre\Documents\_projects\_memformer\dncformer\experiments\runs\dncformer-20250827-144054-E17_parallel-s1337,copy,0,400,5.606363773345947,0.9988765716552734,1.0,0.0001444415102014318,0.9971792101860046,0.9993054270744324,0.9995113611221313,0.9995104670524597
E17_parallel-s1337,C:\Users\andre\Documents\_projects\_memformer\dncformer\experiments\runs\dncformer-20250827-144054-E17_parallel-s1337,copy,0,440,5.573833465576172,0.9982011914253235,0.998046875,0.00011706131772371009,0.9929332733154297,0.9999532699584961,0.9999548196792603,0.9999633431434631
E17_parallel-s1337,C:\Users\andre\Documents\_projects\_memformer\dncformer\experiments\runs\dncformer-20250827-144054-E17_parallel-s1337,copy,0,500,5.485147953033447,0.999588131904602,1.0,7.555849151685834e-05,0.999107837677002,0.9997175931930542,0.9997459053993225,0.9997811913490295
E17_parallel-s1337,C:\Users\andre\Documents\_projects\_memformer\dncformer\experiments\runs\dncformer-20250827-144054-E17_parallel-s1337,copy,0,520,5.681523323059082,0.9939522743225098,0.998046875,6.29751302767545e-05,0.9820867776870728,0.997331976890564,0.9979449510574341,0.9984452724456787
E17_parallel-s1337,C:\Users\andre\Documents\_projects\_memformer\dncformer\experiments\runs\dncformer-20250827-144054-E17_parallel-s1337,copy,0,530,5.724775791168213,0.9939448237419128,1.0,5.7099328842014074e-05,0.9900892972946167,0.994953989982605,0.9954211711883545,0.9953147172927856
E17_parallel-s1337,C:\Users\andre\Documents\_projects\_memformer\dncformer\experiments\runs\dncformer-20250827-144054-E17_parallel-s1337,copy,0,540,5.570288181304932,0.9836413860321045,0.99609375,5.154967584530823e-05,0.9618639945983887,0.990109920501709,0.9904667735099792,0.9921249151229858
E17_parallel-s1337,C:\Users\andre\Documents\_projects\_memformer\dncformer\experiments\runs\dncformer-20250827-144054-E17_parallel-s1337,copy,0,570,5.443331241607666,0.9240982532501221,0.9970703125,3.718847074196674e-05,0.883519172668457,0.9276394844055176,0.9394050240516663,0.9458292126655579
E17_parallel-s1337,C:\Users\andre\Documents\_projects\_memformer\dncformer\experiments\runs\dncformer-20250827-144054-E17_parallel-s1337,copy,0,660,5.697788715362549,0.8200702667236328,1.0,0.00019993061141576618,0.8452761173248291,0.8180890679359436,0.8093435168266296,0.8075724840164185
E17_parallel-s1337,C:\Users\andre\Documents\_projects\_memformer\dncformer\experiments\runs\dncformer-20250827-144054-E17_parallel-s1337,copy,0,670,5.709162712097168,0.9755339622497559,0.9951171875,0.00019972256268374622,0.9625778198242188,0.9785314798355103,0.9796347618103027,0.9813916683197021
E17_parallel-s1337,C:\Users\andre\Documents\_projects\_memformer\dncformer\experiments\runs\dncformer-20250827-144054-E17_parallel-s1337,copy,0,680,6.939949989318848,0.9627042412757874,1.0,0.00019937615434173495,0.9551270008087158,0.9638035297393799,0.9659826159477234,0.9659037590026855
E17_parallel-s1337,C:\Users\andre\Documents\_projects\_memformer\dncformer\experiments\runs\dncformer-20250827-144054-E17_parallel-s1337,copy,0,710,5.870582103729248,0.8532038331031799,1.0,0.00019751329091377556,0.8729537129402161,0.8546051383018494,0.8426088094711304,0.8426476716995239
E17_parallel-s1337,C:\Users\andre\Documents\_projects\_memformer\dncformer\experiments\runs\dncformer-20250827-144054-E17_parallel-s1337,copy,0,740,5.705826759338379,0.5911060571670532,0.82421875,0.000194437219761312,0.6530840396881104,0.5761165618896484,0.5599467754364014,0.5752766728401184
E17_parallel-s1337,C:\Users\andre\Documents\_projects\_memformer\dncformer\experiments\runs\dncformer-20250827-144054-E17_parallel-s1337,copy,0,860,5.685736656188965,0.953117847442627,1.0,0.0001710920623736456,0.9662548899650574,0.952501654624939,0.9475473761558533,0.9461674094200134
E17_parallel-s1337,C:\Users\andre\Documents\_projects\_memformer\dncformer\experiments\runs\dncformer-20250827-144054-E17_parallel-s1337,hf,0,60,2.0085372924804688,0.00357423210516572,0.002106741536408663,0.00019889195391442627,0.002541224705055356,0.00366254267282784,0.005343066528439522,0.00278592761605978
E17_parallel-s1337,C:\Users\andre\Documents\_projects\_memformer\dncformer\experiments\runs\dncformer-20250827-144054-E17_parallel-s1337,hf,0,90,1.6164859533309937,0.006112248636782169,0.005347593687474728,0.00018281153461430222,0.021557394415140152,0.00259188748896122,0.0005392119637690485,0.00014938270032871515
E17_parallel-s1337,C:\Users\andre\Documents\_projects\_memformer\dncformer\experiments\runs\dncformer-20250827-144054-E17_parallel-s1337,hf,0,110,1.6309051513671875,0.00018889395869337022,0.0,0.00016290067287627608,0.00011770749551942572,0.00017285118519794196,0.00010967674461426213,0.00035155759542249143
E17_parallel-s1337,C:\Users\andre\Documents\_projects\_memformer\dncformer\experiments\runs\dncformer-20250827-144054-E17_parallel-s1337,hf,0,140,1.8059606552124023,0.08407066762447357,0.0022865852806717157,0.00012407910253386945,0.03758435696363449,0.06851289421319962,0.07846719026565552,0.15171824395656586
E17_parallel-s1337,C:\Users\andre\Documents\_projects\_memformer\dncformer\experiments\runs\dncformer-20250827-144054-E17_parallel-s1337,hf,0,150,2.1549925804138184,0.09852800518274307,0.0009124087519012392,0.00011000000085914508,0.0465673953294754,0.0640036091208458,0.10680742561817169,0.17449915409088135
E17_parallel-s1337,C:\Users\andre\Documents\_projects\_memformer\dncformer\experiments\runs\dncformer-20250827-144054-E17_parallel-s1337,hf,0,170,1.5313966274261475,0.15481044352054596,0.05866425856947899,8.218846778618172e-05,0.03609417378902435,0.07898887991905212,0.20928095281124115,0.29287680983543396
E17_parallel-s1337,C:\Users\andre\Documents\_projects\_memformer\dncformer\experiments\runs\dncformer-20250827-144054-E17_parallel-s1337,hf,0,180,1.5627490282058716,0.14621038734912872,0.02297794073820114,6.914085679454729e-05,0.048146963119506836,0.09886830300092697,0.1949651688337326,0.24286113679409027
E17_parallel-s1337,C:\Users\andre\Documents\_projects\_memformer\dncformer\experiments\runs\dncformer-20250827-144054-E17_parallel-s1337,hf,0,200,1.5528713464736938,0.0999630019068718,0.010937499813735485,4.636039011529647e-05,0.06444820761680603,0.06784199923276901,0.10486403852701187,0.16269776225090027
E17_parallel-s1337,C:\Users\andre\Documents\_projects\_memformer\dncformer\experiments\runs\dncformer-20250827-144054-E17_parallel-s1337,hf,0,210,1.5869706869125366,0.21888823807239532,0.06796874850988388,3.718847074196674e-05,0.12293491512537003,0.17498484253883362,0.22065973281860352,0.35697346925735474
E17_parallel-s1337,C:\Users\andre\Documents\_projects\_memformer\dncformer\experiments\runs\dncformer-20250827-144054-E17_parallel-s1337,hf,0,250,1.7638945579528809,0.11202315241098404,0.033088237047195435,0.00019999999494757503,0.04378659278154373,0.08999989926815033,0.12173466384410858,0.18660487234592438
E17_parallel-s1337,C:\Users\andre\Documents\_projects\_memformer\dncformer\experiments\runs\dncformer-20250827-144054-E17_parallel-s1337,hf,0,260,1.7098137140274048,0.05632535740733147,0.008283132687211037,0.00019972256268374622,0.013565347529947758,0.027891917154192924,0.04847771301865578,0.1316901296377182
E17_parallel-s1337,C:\Users\andre\Documents\_projects\_memformer\dncformer\experiments\runs\dncformer-20250827-144054-E17_parallel-s1337,hf,0,340,1.5392111539840698,0.21453659236431122,0.13708458840847015,0.00017843653040472418,0.04760493338108063,0.173389732837677,0.2916068136692047,0.3409210741519928
E17_parallel-s1337,C:\Users\andre\Documents\_projects\_memformer\dncformer\experiments\runs\dncformer-20250827-144054-E17_parallel-s1337,hf,0,360,1.3746473789215088,0.21329204738140106,0.14423076808452606,0.00016845032223500311,0.052059438079595566,0.1429249793291092,0.2595440745353699,0.3907525837421417
E17_parallel-s1337,C:\Users\andre\Documents\_projects\_memformer\dncformer\experiments\runs\dncformer-20250827-144054-E17_parallel-s1337,hf,0,370,1.3245686292648315,0.15046095848083496,0.05050504952669144,0.00016290067287627608,0.09932772815227509,0.10686500370502472,0.16486230492591858,0.2218635231256485
E17_parallel-s1337,C:\Users\andre\Documents\_projects\_memformer\dncformer\experiments\runs\dncformer-20250827-144054-E17_parallel-s1337,hf,0,430,1.5039072036743164,0.07819035649299622,0.01076554972678423,0.00012407910253386945,0.03202269598841667,0.04405693709850311,0.07129829376935959,0.1637383997440338
E17_parallel-s1337,C:\Users\andre\Documents\_projects\_memformer\dncformer\experiments\runs\dncformer-20250827-144054-E17_parallel-s1337,hf,0,450,1.4213262796401978,0.24683550000190735,0.1676829308271408,0.00011000000085914508,0.07791644334793091,0.14503000676631927,0.27946722507476807,0.480349600315094
E17_parallel-s1337,C:\Users\andre\Documents\_projects\_memformer\dncformer\experiments\runs\dncformer-20250827-144054-E17_parallel-s1337,hf,0,470,1.9126521348953247,0.5771840810775757,0.5378184914588928,9.59208991844207e-05,0.20819500088691711,0.5160563588142395,0.7620734572410583,0.8162808418273926
E17_parallel-s1337,C:\Users\andre\Documents\_projects\_memformer\dncformer\experiments\runs\dncformer-20250827-144054-E17_parallel-s1337,hf,0,510,1.5877909660339355,0.16527727246284485,0.010135135613381863,6.914085679454729e-05,0.10468841344118118,0.12746916711330414,0.19083142280578613,0.23083579540252686
E17_parallel-s1337,C:\Users\andre\Documents\_projects\_memformer\dncformer\experiments\runs\dncformer-20250827-144054-E17_parallel-s1337,hf,0,550,1.4602974653244019,0.13734909892082214,0.07299269735813141,4.636039011529647e-05,0.052555497735738754,0.0766153335571289,0.1698998659849167,0.24709777534008026
E17_parallel-s1337,C:\Users\andre\Documents\_projects\_memformer\dncformer\experiments\runs\dncformer-20250827-144054-E17_parallel-s1337,hf,0,560,1.306597352027893,0.4734917879104614,0.4701492488384247,4.1563464037608355e-05,0.2409108281135559,0.409760057926178,0.576573371887207,0.6629339456558228
E17_parallel-s1337,C:\Users\andre\Documents\_projects\_memformer\dncformer\experiments\runs\dncformer-20250827-144054-E17_parallel-s1337,hf,0,580,1.4811248779296875,0.1861310750246048,0.08653846383094788,3.3262385841226205e-05,0.07956601679325104,0.10692039132118225,0.1788952648639679,0.3639048933982849
E17_parallel-s1337,C:\Users\andre\Documents\_projects\_memformer\dncformer\experiments\runs\dncformer-20250827-144054-E17_parallel-s1337,hf,0,590,1.313058614730835,0.26475805044174194,0.1859452724456787,2.9809412808390334e-05,0.10711861401796341,0.22946429252624512,0.3428770899772644,0.37732094526290894
E17_parallel-s1337,C:\Users\andre\Documents\_projects\_memformer\dncformer\experiments\runs\dncformer-20250827-144054-E17_parallel-s1337,hf,0,600,1.0938665866851807,0.4812157154083252,0.48696523904800415,2.685084291442763e-05,0.18797384202480316,0.4388595521450043,0.6242793798446655,0.6696966290473938
E17_parallel-s1337,C:\Users\andre\Documents\_projects\_memformer\dncformer\experiments\runs\dncformer-20250827-144054-E17_parallel-s1337,hf,0,620,1.424275517463684,0.3911910057067871,0.3794788122177124,2.248670716653578e-05,0.14478625357151031,0.2946394979953766,0.4834126830101013,0.632404088973999
E17_parallel-s1337,C:\Users\andre\Documents\_projects\_memformer\dncformer\experiments\runs\dncformer-20250827-144054-E17_parallel-s1337,hf,0,640,1.2730495929718018,0.2896328866481781,0.21534089744091034,2.0277440853533335e-05,0.11611047387123108,0.1882428526878357,0.3173345923423767,0.5368435978889465
E17_parallel-s1337,C:\Users\andre\Documents\_projects\_memformer\dncformer\experiments\runs\dncformer-20250827-144054-E17_parallel-s1337,hf,0,690,1.6779435873031616,0.4850541055202484,0.4903017282485962,0.00019889195391442627,0.22713907063007355,0.4360910654067993,0.5814765095710754,0.6955099701881409
E17_parallel-s1337,C:\Users\andre\Documents\_projects\_memformer\dncformer\experiments\runs\dncformer-20250827-144054-E17_parallel-s1337,hf,0,700,1.5556268692016602,0.44302859902381897,0.3595297038555145,0.00019827067444566637,0.1742599457502365,0.3474311828613281,0.5422621965408325,0.6979638338088989
E17_parallel-s1337,C:\Users\andre\Documents\_projects\_memformer\dncformer\experiments\runs\dncformer-20250827-144054-E17_parallel-s1337,hf,0,720,1.5886937379837036,0.24366575479507446,0.1096014529466629,0.0001966209674719721,0.105523981153965,0.16149400174617767,0.26337167620658875,0.4331285059452057
E17_parallel-s1337,C:\Users\andre\Documents\_projects\_memformer\dncformer\experiments\runs\dncformer-20250827-144054-E17_parallel-s1337,hf,0,750,4.139598846435547,0.8289356827735901,0.9399038553237915,0.00019314915698487312,0.6987188458442688,0.793175458908081,0.8867822289466858,0.9370661377906799
E17_parallel-s1337,C:\Users\andre\Documents\_projects\_memformer\dncformer\experiments\runs\dncformer-20250827-144054-E17_parallel-s1337,hf,0,770,1.454024314880371,0.03593560680747032,0.03401898965239525,0.00019019059254787862,0.0025607517454773188,0.0029516625218093395,0.02144906297326088,0.11678095906972885
E17_parallel-s1337,C:\Users\andre\Documents\_projects\_memformer\dncformer\experiments\runs\dncformer-20250827-144054-E17_parallel-s1337,hf,0,780,1.3367297649383545,0.003926195204257965,0.0,0.0001885246456367895,0.0005023477133363485,0.0035554077476263046,0.001746435766108334,0.009707867167890072
E17_parallel-s1337,C:\Users\andre\Documents\_projects\_memformer\dncformer\experiments\runs\dncformer-20250827-144054-E17_parallel-s1337,hf,0,790,1.4377000331878662,0.3372192978858948,0.32829180359840393,0.00018673761223908514,0.01986103318631649,0.1769101768732071,0.5430393218994141,0.6052377820014954
E17_parallel-s1337,C:\Users\andre\Documents\_projects\_memformer\dncformer\experiments\runs\dncformer-20250827-144054-E17_parallel-s1337,hf,0,800,1.3487516641616821,0.10767527669668198,0.07312499731779099,0.00018483227177057415,0.0027786262799054384,0.011553649790585041,0.1714162975549698,0.24495254456996918
E17_parallel-s1337,C:\Users\andre\Documents\_projects\_memformer\dncformer\experiments\runs\dncformer-20250827-144054-E17_parallel-s1337,hf,0,840,1.6341345310211182,0.00036980348522774875,0.0,0.00017608902999199927,0.00018151947006117553,0.00017414684407413006,0.0003901191521435976,0.0007199610699899495
E17_parallel-s1337,C:\Users\andre\Documents\_projects\_memformer\dncformer\experiments\runs\dncformer-20250827-144054-E17_parallel-s1337,hf,0,850,1.4545118808746338,0.3003631830215454,0.27450981736183167,0.00017363960796501487,0.015749284997582436,0.1502695530653,0.4555250406265259,0.5727410912513733
E17_parallel-s1337,C:\Users\andre\Documents\_projects\_memformer\dncformer\experiments\runs\dncformer-20250827-144054-E17_parallel-s1337,hf,0,870,1.8501160144805908,0.1977982074022293,0.12984496355056763,0.00016845032223500311,0.07319077849388123,0.08071700483560562,0.24132439494132996,0.3899557292461395
E17_parallel-s1337,C:\Users\andre\Documents\_projects\_memformer\dncformer\experiments\runs\dncformer-20250827-144054-E17_parallel-s1337,hf,0,880,1.4159798622131348,0.17022933065891266,0.07803867757320404,0.00016571846208535135,0.07058984786272049,0.11517807841300964,0.17225326597690582,0.31957730650901794
E17_parallel-s1337,C:\Users\andre\Documents\_projects\_memformer\dncformer\experiments\runs\dncformer-20250827-144054-E17_parallel-s1337,hf,0,900,1.5604960918426514,0.49551406502723694,0.4433760941028595,0.0001600013201823458,0.3110732138156891,0.37903469800949097,0.5946287512779236,0.6905927658081055
E17_parallel-s1337,C:\Users\andre\Documents\_projects\_memformer\dncformer\experiments\runs\dncformer-20250827-144054-E17_parallel-s1337,hf,0,930,3.0109076499938965,0.6832148432731628,0.7953020334243774,0.00015085915219970047,0.4337092339992523,0.6316856145858765,0.8009682297706604,0.8616731762886047
E17_parallel-s1337,C:\Users\andre\Documents\_projects\_memformer\dncformer\experiments\runs\dncformer-20250827-144054-E17_parallel-s1337,hf,0,940,1.576594352722168,0.06379404664039612,0.017100976780056953,0.00014767936954740435,0.015943238511681557,0.03510364890098572,0.08097366243600845,0.1209014281630516
E17_parallel-s1337,C:\Users\andre\Documents\_projects\_memformer\dncformer\experiments\runs\dncformer-20250827-144054-E17_parallel-s1337,hf,0,960,1.61959707736969,0.35969480872154236,0.3125,0.00014115053636487573,0.08599434792995453,0.2777411639690399,0.4971153140068054,0.5691990256309509
E17_parallel-s1337,C:\Users\andre\Documents\_projects\_memformer\dncformer\experiments\runs\dncformer-20250827-144054-E17_parallel-s1337,hf,0,970,1.167161226272583,0.47365111112594604,0.45768022537231445,0.00013781152665615082,0.15679289400577545,0.4503268599510193,0.6365789771080017,0.644420862197876
E17_parallel-s1337,C:\Users\andre\Documents\_projects\_memformer\dncformer\experiments\runs\dncformer-20250827-144054-E17_parallel-s1337,hf,0,1000,1.226171612739563,0.4179244935512543,0.3786585330963135,0.0001275581307709217,0.14752385020256042,0.3651863634586334,0.5455349683761597,0.6096928119659424
E17_parallel-s1337,C:\Users\andre\Documents\_projects\_memformer\dncformer\experiments\runs\dncformer-20250827-144054-E17_parallel-s1337,nback,0,40,5.2738237380981445,0.8107601404190063,1.0,0.0001600000396138057,0.8048014640808105,0.8066174387931824,0.8138161897659302,0.8178055286407471
E17_parallel-s1337,C:\Users\andre\Documents\_projects\_memformer\dncformer\experiments\runs\dncformer-20250827-144054-E17_parallel-s1337,nback,0,70,5.9150004386901855,0.02841474860906601,0.005859375,0.0001955950865522027,0.04316774010658264,0.022811394184827805,0.022622179239988327,0.025057679042220116
E17_parallel-s1337,C:\Users\andre\Documents\_projects\_memformer\dncformer\experiments\runs\dncformer-20250827-144054-E17_parallel-s1337,nback,0,80,5.893359184265137,0.3889901041984558,0.1416015625,0.00019019059254787862,0.3066386878490448,0.38258790969848633,0.4269779324531555,0.439755916595459
E17_parallel-s1337,C:\Users\andre\Documents\_projects\_memformer\dncformer\experiments\runs\dncformer-20250827-144054-E17_parallel-s1337,nback,0,130,6.200137138366699,0.9999853372573853,1.0,0.00013781152665615082,0.9999454617500305,0.9999987483024597,0.9999985694885254,0.9999985694885254
E17_parallel-s1337,C:\Users\andre\Documents\_projects\_memformer\dncformer\experiments\runs\dncformer-20250827-144054-E17_parallel-s1337,nback,0,230,5.116710662841797,0.9977355003356934,0.9990234375,2.4404913347098045e-05,0.9912899136543274,0.9998782873153687,0.9998859167098999,0.9998878836631775
E17_parallel-s1337,C:\Users\andre\Documents\_projects\_memformer\dncformer\experiments\runs\dncformer-20250827-144054-E17_parallel-s1337,nback,0,280,7.472590923309326,0.9783608913421631,1.0,0.00019751329091377556,0.9752559661865234,0.9784945845603943,0.9794034957885742,0.9802893400192261
E17_parallel-s1337,C:\Users\andre\Documents\_projects\_memformer\dncformer\experiments\runs\dncformer-20250827-144054-E17_parallel-s1337,nback,0,290,6.571741580963135,0.9224689602851868,0.99609375,0.0001955950865522027,0.8981460332870483,0.930679976940155,0.9283751249313354,0.9326747059822083
E17_parallel-s1337,C:\Users\andre\Documents\_projects\_memformer\dncformer\experiments\runs\dncformer-20250827-144054-E17_parallel-s1337,nback,0,310,5.564077854156494,0.9576815962791443,0.9931640625,0.00019019059254787862,0.9288939237594604,0.9641071557998657,0.9682105183601379,0.9695148468017578
E17_parallel-s1337,C:\Users\andre\Documents\_projects\_memformer\dncformer\experiments\runs\dncformer-20250827-144054-E17_parallel-s1337,nback,0,320,8.975980758666992,0.9979193806648254,0.998046875,0.00018673761223908514,0.9927244186401367,0.9996393918991089,0.9996607303619385,0.9996531009674072
E17_parallel-s1337,C:\Users\andre\Documents\_projects\_memformer\dncformer\experiments\runs\dncformer-20250827-144054-E17_parallel-s1337,nback,0,350,5.723437786102295,0.9987094402313232,0.9990234375,0.00017363960796501487,0.9957008361816406,0.9996964335441589,0.9997134208679199,0.9997270703315735
E17_parallel-s1337,C:\Users\andre\Documents\_projects\_memformer\dncformer\experiments\runs\dncformer-20250827-144054-E17_parallel-s1337,nback,0,380,5.534463882446289,0.999589204788208,1.0,0.00015702487144153565,0.9993720054626465,0.9996739625930786,0.9996594190597534,0.9996515512466431
E17_parallel-s1337,C:\Users\andre\Documents\_projects\_memformer\dncformer\experiments\runs\dncformer-20250827-144054-E17_parallel-s1337,nback,0,410,5.062048435211182,0.9931488633155823,0.9990234375,0.00013781152665615082,0.9910505414009094,0.9940896034240723,0.9935109615325928,0.9939443469047546
E17_parallel-s1337,C:\Users\andre\Documents\_projects\_memformer\dncformer\experiments\runs\dncformer-20250827-144054-E17_parallel-s1337,nback,0,460,5.126438140869141,0.9996058344841003,1.0,0.00010293868399458006,0.9985164403915405,0.9999676942825317,0.9999703168869019,0.9999688863754272
E17_parallel-s1337,C:\Users\andre\Documents\_projects\_memformer\dncformer\experiments\runs\dncformer-20250827-144054-E17_parallel-s1337,nback,0,490,5.1719841957092285,0.9997886419296265,1.0,8.218846778618172e-05,0.9996837377548218,0.9998197555541992,0.9998271465301514,0.999823808670044
E17_parallel-s1337,C:\Users\andre\Documents\_projects\_memformer\dncformer\experiments\runs\dncformer-20250827-144054-E17_parallel-s1337,nback,0,610,4.9519500732421875,0.9520899057388306,1.0,2.4404913347098045e-05,0.9537215232849121,0.9530961513519287,0.9508065581321716,0.9507354497909546
E17_parallel-s1337,C:\Users\andre\Documents\_projects\_memformer\dncformer\experiments\runs\dncformer-20250827-144054-E17_parallel-s1337,nback,0,630,4.904438495635986,0.9504934549331665,1.0,2.1108049622853287e-05,0.9545034170150757,0.9502763748168945,0.948550820350647,0.948643147945404
E17_parallel-s1337,C:\Users\andre\Documents\_projects\_memformer\dncformer\experiments\runs\dncformer-20250827-144054-E17_parallel-s1337,nback,0,650,4.9694504737854,0.9574780464172363,1.0,0.00019999999494757503,0.9510550498962402,0.9590164422988892,0.9594382047653198,0.9604026079177856
E17_parallel-s1337,C:\Users\andre\Documents\_projects\_memformer\dncformer\experiments\runs\dncformer-20250827-144054-E17_parallel-s1337,nback,0,730,5.572465419769287,0.49573013186454773,0.44140625,0.0001955950865522027,0.5402078032493591,0.501261830329895,0.4779300093650818,0.46352094411849976
E17_parallel-s1337,C:\Users\andre\Documents\_projects\_memformer\dncformer\experiments\runs\dncformer-20250827-144054-E17_parallel-s1337,nback,0,910,5.857184886932373,0.9847477674484253,1.0,0.00015702487144153565,0.9867802858352661,0.9854761362075806,0.9838261604309082,0.9829086065292358
E17_parallel-s1337,C:\Users\andre\Documents\_projects\_memformer\dncformer\experiments\runs\dncformer-20250827-144054-E17_parallel-s1337,repeat,0,20,7.300174236297607,0.8431216478347778,1.0,8.000012167030945e-05,0.8601828217506409,0.840253472328186,0.8368136286735535,0.8352365493774414
E17_parallel-s1337,C:\Users\andre\Documents\_projects\_memformer\dncformer\experiments\runs\dncformer-20250827-144054-E17_parallel-s1337,repeat,0,100,5.9795331954956055,0.9790201187133789,0.9765625,0.00017363960796501487,0.9160919189453125,0.9999953508377075,0.9999969005584717,0.9999961853027344
E17_parallel-s1337,C:\Users\andre\Documents\_projects\_memformer\dncformer\experiments\runs\dncformer-20250827-144054-E17_parallel-s1337,repeat,0,160,5.696926593780518,0.988213300704956,0.99609375,9.59208991844207e-05,0.9534168243408203,0.9995563626289368,0.9999175071716309,0.999962329864502
E17_parallel-s1337,C:\Users\andre\Documents\_projects\_memformer\dncformer\experiments\runs\dncformer-20250827-144054-E17_parallel-s1337,repeat,0,190,5.337693691253662,0.9990302324295044,1.0,5.7099328842014074e-05,0.9963234663009644,0.9999042749404907,0.9999436140060425,0.9999496936798096
E17_parallel-s1337,C:\Users\andre\Documents\_projects\_memformer\dncformer\experiments\runs\dncformer-20250827-144054-E17_parallel-s1337,repeat,0,240,5.3408026695251465,0.9994841814041138,1.0,2.1108049622853287e-05,0.999309778213501,0.9993115663528442,0.9995948672294617,0.9997206926345825
E17_parallel-s1337,C:\Users\andre\Documents\_projects\_memformer\dncformer\experiments\runs\dncformer-20250827-144054-E17_parallel-s1337,repeat,0,270,6.262276649475098,0.9955384731292725,1.0,0.00019889195391442627,0.9920930862426758,0.9936003684997559,0.9978946447372437,0.9985657334327698
E17_parallel-s1337,C:\Users\andre\Documents\_projects\_memformer\dncformer\experiments\runs\dncformer-20250827-144054-E17_parallel-s1337,repeat,0,420,5.72314453125,0.992644190788269,1.0,0.00013101007789373398,0.9861282110214233,0.9930832386016846,0.9953721165657043,0.9959930181503296
E17_parallel-s1337,C:\Users\andre\Documents\_projects\_memformer\dncformer\experiments\runs\dncformer-20250827-144054-E17_parallel-s1337,repeat,0,480,5.28056526184082,0.9983389377593994,1.0,8.898991654859856e-05,0.9956907033920288,0.9984614849090576,0.9994757175445557,0.9997278451919556
E17_parallel-s1337,C:\Users\andre\Documents\_projects\_memformer\dncformer\experiments\runs\dncformer-20250827-144054-E17_parallel-s1337,repeat,0,760,5.7192702293396,0.9488832950592041,0.94921875,0.0001917328918352723,0.8170413970947266,0.9912804365158081,0.9939458966255188,0.9932655692100525
E17_parallel-s1337,C:\Users\andre\Documents\_projects\_memformer\dncformer\experiments\runs\dncformer-20250827-144054-E17_parallel-s1337,repeat,0,810,5.912591934204102,0.9774134159088135,0.98046875,0.00018281153461430222,0.9209861755371094,0.9948755502700806,0.9960913062095642,0.9977004528045654
E17_parallel-s1337,C:\Users\andre\Documents\_projects\_memformer\dncformer\experiments\runs\dncformer-20250827-144054-E17_parallel-s1337,repeat,0,820,5.29668664932251,0.9541250467300415,1.0,0.00018067852943204343,0.960545003414154,0.951778769493103,0.9505432844161987,0.9536333084106445
E17_parallel-s1337,C:\Users\andre\Documents\_projects\_memformer\dncformer\experiments\runs\dncformer-20250827-144054-E17_parallel-s1337,repeat,0,830,5.267627239227295,0.6575486063957214,0.8349609375,0.00017843653040472418,0.7289615869522095,0.6234344840049744,0.6439158916473389,0.6338822841644287
E17_parallel-s1337,C:\Users\andre\Documents\_projects\_memformer\dncformer\experiments\runs\dncformer-20250827-144054-E17_parallel-s1337,repeat,0,890,5.66658353805542,0.9556007385253906,1.0,0.00016290067287627608,0.9794737100601196,0.9611608982086182,0.9446847438812256,0.9370837211608887
E17_parallel-s1337,C:\Users\andre\Documents\_projects\_memformer\dncformer\experiments\runs\dncformer-20250827-144054-E17_parallel-s1337,repeat,0,920,5.078815460205078,0.8062730431556702,0.9638671875,0.00015397591050714254,0.8797103762626648,0.8086965680122375,0.7779881954193115,0.758696973323822
E17_parallel-s1337,C:\Users\andre\Documents\_projects\_memformer\dncformer\experiments\runs\dncformer-20250827-144054-E17_parallel-s1337,repeat,0,950,5.487358093261719,0.921818733215332,0.9990234375,0.0001444415102014318,0.9215415716171265,0.9254577159881592,0.9276683330535889,0.9126074314117432
E17_parallel-s1337,C:\Users\andre\Documents\_projects\_memformer\dncformer\experiments\runs\dncformer-20250827-144054-E17_parallel-s1337,repeat,0,980,5.146002292633057,0.9940272569656372,0.9931640625,0.00013442964700516313,0.9763534069061279,0.9998977184295654,0.9999243021011353,0.999933660030365
E17_parallel-s1337,C:\Users\andre\Documents\_projects\_memformer\dncformer\experiments\runs\dncformer-20250827-144054-E17_parallel-s1337,repeat,0,990,5.53387451171875,0.9999382495880127,1.0,0.00013101007789373398,0.9999065399169922,0.9999489784240723,0.9999442100524902,0.9999531507492065
E18_sequential-s1337,C:\Users\andre\Documents\_projects\_memformer\dncformer\experiments\runs\dncformer-20250827-151432-E18_sequential-s1337,copy,0,30,6.428865432739258,0.008502278476953506,0.0048828125,0.00012000007700407878,0.029228761792182922,0.001867929007858038,0.0014834332978352904,0.0014289875980466604
E18_sequential-s1337,C:\Users\andre\Documents\_projects\_memformer\dncformer\experiments\runs\dncformer-20250827-151432-E18_sequential-s1337,copy,1,30,6.428865432739258,0.7751661539077759,1.0,0.00012000007700407878,,,,
E18_sequential-s1337,C:\Users\andre\Documents\_projects\_memformer\dncformer\experiments\runs\dncformer-20250827-151432-E18_sequential-s1337,copy,0,80,6.422491073608398,0.2630900740623474,0.1064453125,0.00019019059254787862,0.3544422686100006,0.2746233344078064,0.21033568680286407,0.21295896172523499
E18_sequential-s1337,C:\Users\andre\Documents\_projects\_memformer\dncformer\experiments\runs\dncformer-20250827-151432-E18_sequential-s1337,copy,1,80,6.422491073608398,0.3186185359954834,0.0517578125,0.00019019059254787862,,,,
E18_sequential-s1337,C:\Users\andre\Documents\_projects\_memformer\dncformer\experiments\runs\dncformer-20250827-151432-E18_sequential-s1337,copy,0,250,5.499370574951172,0.9357099533081055,0.9990234375,0.00019999999494757503,0.9172719717025757,0.9400813579559326,0.9416825771331787,0.9438040256500244
E18_sequential-s1337,C:\Users\andre\Documents\_projects\_memformer\dncformer\experiments\runs\dncformer-20250827-151432-E18_sequential-s1337,copy,1,250,5.499370574951172,0.9975377321243286,1.0,0.00019999999494757503,,,,
E18_sequential-s1337,C:\Users\andre\Documents\_projects\_memformer\dncformer\experiments\runs\dncformer-20250827-151432-E18_sequential-s1337,copy,0,290,6.63875150680542,0.0002119592681992799,0.0,0.0001955950865522027,0.0008456191280856729,8.087798732958618e-07,7.213708386188955e-07,6.876751967865857e-07
E18_sequential-s1337,C:\Users\andre\Documents\_projects\_memformer\dncformer\experiments\runs\dncformer-20250827-151432-E18_sequential-s1337,copy,1,290,6.63875150680542,0.791731595993042,1.0,0.0001955950865522027,,,,
E18_sequential-s1337,C:\Users\andre\Documents\_projects\_memformer\dncformer\experiments\runs\dncformer-20250827-151432-E18_sequential-s1337,copy,0,300,6.5420308113098145,0.0031904526986181736,0.0029296875,0.00019314915698487312,0.012759614735841751,8.675157232573838e-07,7.061728410917567e-07,6.232067448763701e-07
E18_sequential-s1337,C:\Users\andre\Documents\_projects\_memformer\dncformer\experiments\runs\dncformer-20250827-151432-E18_sequential-s1337,copy,1,300,6.5420308113098145,0.9949355125427246,1.0,0.00019314915698487312,,,,
E18_sequential-s1337,C:\Users\andre\Documents\_projects\_memformer\dncformer\experiments\runs\dncformer-20250827-151432-E18_sequential-s1337,copy,0,330,5.963119983673096,0.0030537128914147615,0.00390625,0.00018281153461430222,0.012212998233735561,6.818414703957387e-07,6.260943337110803e-07,5.43537680641748e-07
E18_sequential-s1337,C:\Users\andre\Documents\_projects\_memformer\dncformer\experiments\runs\dncformer-20250827-151432-E18_sequential-s1337,copy,1,330,5.963119983673096,0.38805222511291504,0.103515625,0.00018281153461430222,,,,
E18_sequential-s1337,C:\Users\andre\Documents\_projects\_memformer\dncformer\experiments\runs\dncformer-20250827-151432-E18_sequential-s1337,copy,0,350,5.627674102783203,0.0019538754131644964,0.001953125,0.00017363960796501487,0.007811819203197956,1.3972486385682714e-06,1.167363961940282e-06,1.1185500170540763e-06
E18_sequential-s1337,C:\Users\andre\Documents\_projects\_memformer\dncformer\experiments\runs\dncformer-20250827-151432-E18_sequential-s1337,copy,1,350,5.627674102783203,0.9590650796890259,1.0,0.00017363960796501487,,,,
E18_sequential-s1337,C:\Users\andre\Documents\_projects\_memformer\dncformer\experiments\runs\dncformer-20250827-151432-E18_sequential-s1337,copy,0,380,6.264307022094727,0.006984985899180174,0.005859375,0.00015702487144153565,0.027935491874814034,1.664890987740364e-06,1.4732372619619127e-06,1.3115318324707914e-06
E18_sequential-s1337,C:\Users\andre\Documents\_projects\_memformer\dncformer\experiments\runs\dncformer-20250827-151432-E18_sequential-s1337,copy,1,380,6.264307022094727,0.8211688995361328,0.9970703125,0.00015702487144153565,,,,
E18_sequential-s1337,C:\Users\andre\Documents\_projects\_memformer\dncformer\experiments\runs\dncformer-20250827-151432-E18_sequential-s1337,copy,0,430,5.665337562561035,0.011632357724010944,0.0107421875,0.00012407910253386945,0.046515993773937225,5.1271899792482145e-06,4.313566023483872e-06,3.998594365839381e-06
E18_sequential-s1337,C:\Users\andre\Documents\_projects\_memformer\dncformer\experiments\runs\dncformer-20250827-151432-E18_sequential-s1337,copy,1,430,5.665337562561035,0.9690892696380615,1.0,0.00012407910253386945,,,,
E18_sequential-s1337,C:\Users\andre\Documents\_projects\_memformer\dncformer\experiments\runs\dncformer-20250827-151432-E18_sequential-s1337,copy,0,570,5.755467414855957,0.009557154960930347,0.0087890625,3.718847074196674e-05,0.037928253412246704,0.00012332951882854104,0.000110835004306864,6.620425847359002e-05
E18_sequential-s1337,C:\Users\andre\Documents\_projects\_memformer\dncformer\experiments\runs\dncformer-20250827-151432-E18_sequential-s1337,copy,1,570,5.755467414855957,0.6890811920166016,0.953125,3.718847074196674e-05,,,,
E18_sequential-s1337,C:\Users\andre\Documents\_projects\_memformer\dncformer\experiments\runs\dncformer-20250827-151432-E18_sequential-s1337,copy,0,620,5.424320697784424,0.015857279300689697,0.015625,2.248670716653578e-05,0.06329964846372604,4.749907020595856e-05,4.242136492393911e-05,3.95463575841859e-05
E18_sequential-s1337,C:\Users\andre\Documents\_projects\_memformer\dncformer\experiments\runs\dncformer-20250827-151432-E18_sequential-s1337,copy,1,620,5.424320697784424,0.8761239051818848,1.0,2.248670716653578e-05,,,,
E18_sequential-s1337,C:\Users\andre\Documents\_projects\_memformer\dncformer\experiments\runs\dncformer-20250827-151432-E18_sequential-s1337,copy,0,650,5.484311103820801,0.023907775059342384,0.025390625,0.00019999999494757503,0.08840801566839218,0.0071023814380168915,6.436732655856758e-05,5.633135515381582e-05
E18_sequential-s1337,C:\Users\andre\Documents\_projects\_memformer\dncformer\experiments\runs\dncformer-20250827-151432-E18_sequential-s1337,copy,1,650,5.484311103820801,0.9469076991081238,1.0,0.00019999999494757503,,,,
E18_sequential-s1337,C:\Users\andre\Documents\_projects\_memformer\dncformer\experiments\runs\dncformer-20250827-151432-E18_sequential-s1337,copy,0,670,6.7417497634887695,0.017803972586989403,0.015625,0.00019972256268374622,0.07093223184347153,0.00011020420788554475,8.921966218622401e-05,8.423495455645025e-05
E18_sequential-s1337,C:\Users\andre\Documents\_projects\_memformer\dncformer\experiments\runs\dncformer-20250827-151432-E18_sequential-s1337,copy,1,670,6.7417497634887695,0.4846150875091553,0.45703125,0.00019972256268374622,,,,
E18_sequential-s1337,C:\Users\andre\Documents\_projects\_memformer\dncformer\experiments\runs\dncformer-20250827-151432-E18_sequential-s1337,copy,0,720,5.844655513763428,0.008634881116449833,0.0087890625,0.0001966209674719721,0.03405899927020073,0.00017001231026370078,0.00015275816258508712,0.00015775676001794636
E18_sequential-s1337,C:\Users\andre\Documents\_projects\_memformer\dncformer\experiments\runs\dncformer-20250827-151432-E18_sequential-s1337,copy,1,720,5.844655513763428,0.9970595836639404,1.0,0.0001966209674719721,,,,
E18_sequential-s1337,C:\Users\andre\Documents\_projects\_memformer\dncformer\experiments\runs\dncformer-20250827-151432-E18_sequential-s1337,copy,0,770,5.985733985900879,0.0219352375715971,0.0234375,0.00019019059254787862,0.08678953349590302,0.0003491074894554913,0.000326749577652663,0.00027557509019970894
E18_sequential-s1337,C:\Users\andre\Documents\_projects\_memformer\dncformer\experiments\runs\dncformer-20250827-151432-E18_sequential-s1337,copy,1,770,5.985733985900879,0.6952691078186035,0.9794921875,0.00019019059254787862,,,,
E18_sequential-s1337,C:\Users\andre\Documents\_projects\_memformer\dncformer\experiments\runs\dncformer-20250827-151432-E18_sequential-s1337,copy,0,840,6.232761383056641,0.038354262709617615,0.0341796875,0.00017608902999199927,0.13542918860912323,0.008263863623142242,0.0048066601157188416,0.004917328245937824
E18_sequential-s1337,C:\Users\andre\Documents\_projects\_memformer\dncformer\experiments\runs\dncformer-20250827-151432-E18_sequential-s1337,copy,1,840,6.232761383056641,0.41561266779899597,0.1044921875,0.00017608902999199927,,,,
E18_sequential-s1337,C:\Users\andre\Documents\_projects\_memformer\dncformer\experiments\runs\dncformer-20250827-151432-E18_sequential-s1337,copy,0,940,5.6634674072265625,0.01717081293463707,0.017578125,0.00014767936954740435,0.06728516519069672,0.0005557724507525563,0.00045006844447925687,0.00039224361535161734
E18_sequential-s1337,C:\Users\andre\Documents\_projects\_memformer\dncformer\experiments\runs\dncformer-20250827-151432-E18_sequential-s1337,copy,1,940,5.6634674072265625,0.9875354170799255,1.0,0.00014767936954740435,,,,
E18_sequential-s1337,C:\Users\andre\Documents\_projects\_memformer\dncformer\experiments\runs\dncformer-20250827-151432-E18_sequential-s1337,hf,0,70,1.8205504417419434,0.0027435440570116043,0.0013812155229970813,0.0001955950865522027,0.001086520729586482,0.002459908602759242,0.0053362469188869,0.0021056749392300844
E18_sequential-s1337,C:\Users\andre\Documents\_projects\_memformer\dncformer\experiments\runs\dncformer-20250827-151432-E18_sequential-s1337,hf,1,70,1.8205504417419434,0.0028810789808630943,0.0,0.0001955950865522027,,,,
E18_sequential-s1337,C:\Users\andre\Documents\_projects\_memformer\dncformer\experiments\runs\dncformer-20250827-151432-E18_sequential-s1337,hf,0,90,3.329075574874878,0.006895885802805424,0.0,0.00018281153461430222,0.007383916061371565,0.004810917656868696,0.004722404293715954,0.010544679127633572
E18_sequential-s1337,C:\Users\andre\Documents\_projects\_memformer\dncformer\experiments\runs\dncformer-20250827-151432-E18_sequential-s1337,hf,1,90,3.329075574874878,0.7174680829048157,0.9044421315193176,0.00018281153461430222,,,,
E18_sequential-s1337,C:\Users\andre\Documents\_projects\_memformer\dncformer\experiments\runs\dncformer-20250827-151432-E18_sequential-s1337,hf,0,130,1.876122236251831,0.24346596002578735,0.03643497824668884,0.00013781152665615082,0.16956491768360138,0.20941591262817383,0.2658036947250366,0.32465100288391113
E18_sequential-s1337,C:\Users\andre\Documents\_projects\_memformer\dncformer\experiments\runs\dncformer-20250827-151432-E18_sequential-s1337,hf,1,130,1.876122236251831,6.759799725841731e-05,0.0,0.00013781152665615082,,,,
E18_sequential-s1337,C:\Users\andre\Documents\_projects\_memformer\dncformer\experiments\runs\dncformer-20250827-151432-E18_sequential-s1337,hf,0,140,2.625379800796509,0.5646289587020874,0.6311111450195312,0.00012407910253386945,0.4232422709465027,0.48996502161026,0.6143057942390442,0.7280838489532471
E18_sequential-s1337,C:\Users\andre\Documents\_projects\_memformer\dncformer\experiments\runs\dncformer-20250827-151432-E18_sequential-s1337,hf,1,140,2.625379800796509,0.11555299907922745,0.10722222179174423,0.00012407910253386945,,,,
E18_sequential-s1337,C:\Users\andre\Documents\_projects\_memformer\dncformer\experiments\runs\dncformer-20250827-151432-E18_sequential-s1337,hf,0,160,1.84275221824646,0.12949422001838684,0.007462686393409967,9.59208991844207e-05,0.08103732019662857,0.10188187658786774,0.1538979709148407,0.17820745706558228
E18_sequential-s1337,C:\Users\andre\Documents\_projects\_memformer\dncformer\experiments\runs\dncformer-20250827-151432-E18_sequential-s1337,hf,1,160,1.84275221824646,0.004225672222673893,0.0009328357991762459,9.59208991844207e-05,,,,
E18_sequential-s1337,C:\Users\andre\Documents\_projects\_memformer\dncformer\experiments\runs\dncformer-20250827-151432-E18_sequential-s1337,hf,0,180,1.6179544925689697,0.1279923915863037,0.0,6.914085679454729e-05,0.11242996156215668,0.11446531862020493,0.13151977956295013,0.1516609936952591
E18_sequential-s1337,C:\Users\andre\Documents\_projects\_memformer\dncformer\experiments\runs\dncformer-20250827-151432-E18_sequential-s1337,hf,1,180,1.6179544925689697,0.0033918835688382387,0.0012254902394488454,6.914085679454729e-05,,,,
E18_sequential-s1337,C:\Users\andre\Documents\_projects\_memformer\dncformer\experiments\runs\dncformer-20250827-151432-E18_sequential-s1337,hf,0,210,1.5874695777893066,0.3408815264701843,0.17943547666072845,3.718847074196674e-05,0.19102828204631805,0.2653428018093109,0.4043961763381958,0.4986608028411865
E18_sequential-s1337,C:\Users\andre\Documents\_projects\_memformer\dncformer\experiments\runs\dncformer-20250827-151432-E18_sequential-s1337,hf,1,210,1.5874695777893066,0.08430778235197067,0.07822580635547638,3.718847074196674e-05,,,,
E18_sequential-s1337,C:\Users\andre\Documents\_projects\_memformer\dncformer\experiments\runs\dncformer-20250827-151432-E18_sequential-s1337,hf,0,240,1.8367670774459839,0.27079254388809204,0.06325757503509521,2.1108049622853287e-05,0.1774764060974121,0.21806134283542633,0.30546605587005615,0.3795146048069
E18_sequential-s1337,C:\Users\andre\Documents\_projects\_memformer\dncformer\experiments\runs\dncformer-20250827-151432-E18_sequential-s1337,hf,1,240,1.8367670774459839,0.0007160820532590151,0.0,2.1108049622853287e-05,,,,
E18_sequential-s1337,C:\Users\andre\Documents\_projects\_memformer\dncformer\experiments\runs\dncformer-20250827-151432-E18_sequential-s1337,hf,0,270,2.60957932472229,0.10290240496397018,0.0,0.00019889195391442627,0.09468763321638107,0.1189575120806694,0.11233438551425934,0.0856301337480545
E18_sequential-s1337,C:\Users\andre\Documents\_projects\_memformer\dncformer\experiments\runs\dncformer-20250827-151432-E18_sequential-s1337,hf,1,270,2.60957932472229,0.003742563771083951,0.0,0.00019889195391442627,,,,
E18_sequential-s1337,C:\Users\andre\Documents\_projects\_memformer\dncformer\experiments\runs\dncformer-20250827-151432-E18_sequential-s1337,hf,0,340,1.228567361831665,0.0010397057048976421,0.0,0.00017843653040472418,0.0005360570503398776,0.000747179554309696,0.0013529803836718202,0.001512439688667655
E18_sequential-s1337,C:\Users\andre\Documents\_projects\_memformer\dncformer\experiments\runs\dncformer-20250827-151432-E18_sequential-s1337,hf,1,340,1.228567361831665,0.0,0.0,0.00017843653040472418,,,,
E18_sequential-s1337,C:\Users\andre\Documents\_projects\_memformer\dncformer\experiments\runs\dncformer-20250827-151432-E18_sequential-s1337,hf,0,360,1.7959213256835938,0.00026870847796089947,0.0,0.00016845032223500311,0.0003288264852017164,0.00035958553780801594,0.0001231946371262893,0.000263556168647483
E18_sequential-s1337,C:\Users\andre\Documents\_projects\_memformer\dncformer\experiments\runs\dncformer-20250827-151432-E18_sequential-s1337,hf,1,360,1.7959213256835938,0.12476979196071625,0.03730366379022598,0.00016845032223500311,,,,
E18_sequential-s1337,C:\Users\andre\Documents\_projects\_memformer\dncformer\experiments\runs\dncformer-20250827-151432-E18_sequential-s1337,hf,0,390,1.773224949836731,0.0022816441487520933,0.0,0.00015085915219970047,0.0002438404771964997,0.0007900668424554169,0.0012761849211528897,0.006752613466233015
E18_sequential-s1337,C:\Users\andre\Documents\_projects\_memformer\dncformer\experiments\runs\dncformer-20250827-151432-E18_sequential-s1337,hf,1,390,1.773224949836731,0.23345832526683807,0.11521352082490921,0.00015085915219970047,,,,
E18_sequential-s1337,C:\Users\andre\Documents\_projects\_memformer\dncformer\experiments\runs\dncformer-20250827-151432-E18_sequential-s1337,hf,0,450,1.4602348804473877,0.05222919210791588,0.008561643771827221,0.00011000000085914508,0.011342940852046013,0.020086346194148064,0.04153278097510338,0.13154810667037964
E18_sequential-s1337,C:\Users\andre\Documents\_projects\_memformer\dncformer\experiments\runs\dncformer-20250827-151432-E18_sequential-s1337,hf,1,450,1.4602348804473877,0.0947943776845932,0.05993150547146797,0.00011000000085914508,,,,
E18_sequential-s1337,C:\Users\andre\Documents\_projects\_memformer\dncformer\experiments\runs\dncformer-20250827-151432-E18_sequential-s1337,hf,0,460,1.347886562347412,0.40564578771591187,0.33142855763435364,0.00010293868399458006,0.16039258241653442,0.34455516934394836,0.5019286274909973,0.6109862923622131
E18_sequential-s1337,C:\Users\andre\Documents\_projects\_memformer\dncformer\experiments\runs\dncformer-20250827-151432-E18_sequential-s1337,hf,1,460,1.347886562347412,0.271562397480011,0.2646428644657135,0.00010293868399458006,,,,
E18_sequential-s1337,C:\Users\andre\Documents\_projects\_memformer\dncformer\experiments\runs\dncformer-20250827-151432-E18_sequential-s1337,hf,0,470,1.611047625541687,0.1699989289045334,0.07394365966320038,9.59208991844207e-05,0.06074991077184677,0.11339841783046722,0.20764316618442535,0.2958300709724426
E18_sequential-s1337,C:\Users\andre\Documents\_projects\_memformer\dncformer\experiments\runs\dncformer-20250827-151432-E18_sequential-s1337,hf,1,470,1.611047625541687,0.0982801616191864,0.07394365966320038,9.59208991844207e-05,,,,
E18_sequential-s1337,C:\Users\andre\Documents\_projects\_memformer\dncformer\experiments\runs\dncformer-20250827-151432-E18_sequential-s1337,hf,0,520,1.47786283493042,0.0714903175830841,0.013349514454603195,6.29751302767545e-05,0.03905192390084267,0.03774522989988327,0.08041296154260635,0.12261607497930527
E18_sequential-s1337,C:\Users\andre\Documents\_projects\_memformer\dncformer\experiments\runs\dncformer-20250827-151432-E18_sequential-s1337,hf,1,520,1.47786283493042,0.11328302323818207,0.048543691635131836,6.29751302767545e-05,,,,
E18_sequential-s1337,C:\Users\andre\Documents\_projects\_memformer\dncformer\experiments\runs\dncformer-20250827-151432-E18_sequential-s1337,hf,0,530,1.8057255744934082,0.20995864272117615,0.10554245114326477,5.7099328842014074e-05,0.0852852612733841,0.14655090868473053,0.2310130000114441,0.3769853413105011
E18_sequential-s1337,C:\Users\andre\Documents\_projects\_memformer\dncformer\experiments\runs\dncformer-20250827-151432-E18_sequential-s1337,hf,1,530,1.8057255744934082,0.25264212489128113,0.21403302252292633,5.7099328842014074e-05,,,,
E18_sequential-s1337,C:\Users\andre\Documents\_projects\_memformer\dncformer\experiments\runs\dncformer-20250827-151432-E18_sequential-s1337,hf,0,630,1.368088722229004,0.38961586356163025,0.3879464268684387,2.1108049622853287e-05,0.12970037758350372,0.3560539186000824,0.5177261829376221,0.5549828410148621
E18_sequential-s1337,C:\Users\andre\Documents\_projects\_memformer\dncformer\experiments\runs\dncformer-20250827-151432-E18_sequential-s1337,hf,1,630,1.368088722229004,0.40225711464881897,0.41205358505249023,2.1108049622853287e-05,,,,
E18_sequential-s1337,C:\Users\andre\Documents\_projects\_memformer\dncformer\experiments\runs\dncformer-20250827-151432-E18_sequential-s1337,hf,0,690,2.304330587387085,0.6549385190010071,0.7267857193946838,0.00019889195391442627,0.4701808989048004,0.626753032207489,0.7216982841491699,0.8011218309402466
E18_sequential-s1337,C:\Users\andre\Documents\_projects\_memformer\dncformer\experiments\runs\dncformer-20250827-151432-E18_sequential-s1337,hf,1,690,2.304330587387085,0.0,0.0,0.00019889195391442627,,,,
E18_sequential-s1337,C:\Users\andre\Documents\_projects\_memformer\dncformer\experiments\runs\dncformer-20250827-151432-E18_sequential-s1337,hf,0,740,1.7290124893188477,0.01918295957148075,0.003086419776082039,0.000194437219761312,0.0035479303915053606,0.0029006456024944782,0.005402024835348129,0.0627051293849945
E18_sequential-s1337,C:\Users\andre\Documents\_projects\_memformer\dncformer\experiments\runs\dncformer-20250827-151432-E18_sequential-s1337,hf,1,740,1.7290124893188477,0.12175343185663223,0.03395061939954758,0.000194437219761312,,,,
E18_sequential-s1337,C:\Users\andre\Documents\_projects\_memformer\dncformer\experiments\runs\dncformer-20250827-151432-E18_sequential-s1337,hf,0,750,1.5861326456069946,0.06782012432813644,0.05988593026995659,0.00019314915698487312,0.007195475045591593,0.009114046581089497,0.07221274822950363,0.17768745124340057
E18_sequential-s1337,C:\Users\andre\Documents\_projects\_memformer\dncformer\experiments\runs\dncformer-20250827-151432-E18_sequential-s1337,hf,1,750,1.5861326456069946,0.20572613179683685,0.11882129311561584,0.00019314915698487312,,,,
E18_sequential-s1337,C:\Users\andre\Documents\_projects\_memformer\dncformer\experiments\runs\dncformer-20250827-151432-E18_sequential-s1337,hf,0,780,1.4085400104522705,0.029820360243320465,0.0,0.0001885246456367895,0.005011873785406351,0.01964610069990158,0.048732418566942215,0.04538086801767349
E18_sequential-s1337,C:\Users\andre\Documents\_projects\_memformer\dncformer\experiments\runs\dncformer-20250827-151432-E18_sequential-s1337,hf,1,780,1.4085400104522705,0.26877859234809875,0.09806910157203674,0.0001885246456367895,,,,
E18_sequential-s1337,C:\Users\andre\Documents\_projects\_memformer\dncformer\experiments\runs\dncformer-20250827-151432-E18_sequential-s1337,hf,0,790,1.5038858652114868,0.08160138875246048,0.04527243599295616,0.00018673761223908514,0.003610079875215888,0.03373127058148384,0.12104232609272003,0.16802188754081726
E18_sequential-s1337,C:\Users\andre\Documents\_projects\_memformer\dncformer\experiments\runs\dncformer-20250827-151432-E18_sequential-s1337,hf,1,790,1.5038858652114868,0.30303922295570374,0.19871795177459717,0.00018673761223908514,,,,
E18_sequential-s1337,C:\Users\andre\Documents\_projects\_memformer\dncformer\experiments\runs\dncformer-20250827-151432-E18_sequential-s1337,hf,0,800,1.4260468482971191,0.021698810160160065,0.0,0.00018483227177057415,0.003802254796028137,0.009099744260311127,0.027129286900162697,0.04581211134791374
E18_sequential-s1337,C:\Users\andre\Documents\_projects\_memformer\dncformer\experiments\runs\dncformer-20250827-151432-E18_sequential-s1337,hf,1,800,1.4260468482971191,0.11386945843696594,0.0012214983580633998,0.00018483227177057415,,,,
E18_sequential-s1337,C:\Users\andre\Documents\_projects\_memformer\dncformer\experiments\runs\dncformer-20250827-151432-E18_sequential-s1337,hf,0,810,1.7157779932022095,0.0,0.0,0.00018281153461430222,0.0,0.0,0.0,0.0
E18_sequential-s1337,C:\Users\andre\Documents\_projects\_memformer\dncformer\experiments\runs\dncformer-20250827-151432-E18_sequential-s1337,hf,1,810,1.7157779932022095,0.18595997989177704,0.0736754983663559,0.00018281153461430222,,,,
E18_sequential-s1337,C:\Users\andre\Documents\_projects\_memformer\dncformer\experiments\runs\dncformer-20250827-151432-E18_sequential-s1337,hf,0,820,1.8102928400039673,0.040288038551807404,0.003511236049234867,0.00018067852943204343,0.01507305633276701,0.025028279051184654,0.03605666011571884,0.08305042237043381
E18_sequential-s1337,C:\Users\andre\Documents\_projects\_memformer\dncformer\experiments\runs\dncformer-20250827-151432-E18_sequential-s1337,hf,1,820,1.8102928400039673,0.2627686858177185,0.03651685267686844,0.00018067852943204343,,,,
E18_sequential-s1337,C:\Users\andre\Documents\_projects\_memformer\dncformer\experiments\runs\dncformer-20250827-151432-E18_sequential-s1337,hf,0,830,1.3537050485610962,0.350329726934433,0.2598484754562378,0.00017843653040472418,0.14092636108398438,0.27225515246391296,0.42977243661880493,0.5534117817878723
E18_sequential-s1337,C:\Users\andre\Documents\_projects\_memformer\dncformer\experiments\runs\dncformer-20250827-151432-E18_sequential-s1337,hf,1,830,1.3537050485610962,0.05115555226802826,0.0,0.00017843653040472418,,,,
E18_sequential-s1337,C:\Users\andre\Documents\_projects\_memformer\dncformer\experiments\runs\dncformer-20250827-151432-E18_sequential-s1337,hf,0,850,1.4028934240341187,0.07276421040296555,0.005580357275903225,0.00017363960796501487,0.025793669745326042,0.033190928399562836,0.08322849869728088,0.14884376525878906
E18_sequential-s1337,C:\Users\andre\Documents\_projects\_memformer\dncformer\experiments\runs\dncformer-20250827-151432-E18_sequential-s1337,hf,1,850,1.4028934240341187,0.1887209117412567,0.0591517873108387,0.00017363960796501487,,,,
E18_sequential-s1337,C:\Users\andre\Documents\_projects\_memformer\dncformer\experiments\runs\dncformer-20250827-151432-E18_sequential-s1337,hf,0,870,1.4262868165969849,0.2182137668132782,0.1696721315383911,0.00016845032223500311,0.05900340899825096,0.14131158590316772,0.2808684706687927,0.38941895961761475
E18_sequential-s1337,C:\Users\andre\Documents\_projects\_memformer\dncformer\experiments\runs\dncformer-20250827-151432-E18_sequential-s1337,hf,1,870,1.4262868165969849,0.3158479332923889,0.24098360538482666,0.00016845032223500311,,,,
E18_sequential-s1337,C:\Users\andre\Documents\_projects\_memformer\dncformer\experiments\runs\dncformer-20250827-151432-E18_sequential-s1337,hf,0,890,1.5018271207809448,0.1825646311044693,0.07776717841625214,0.00016290067287627608,0.06527087837457657,0.1319357007741928,0.24309951066970825,0.2867468595504761
E18_sequential-s1337,C:\Users\andre\Documents\_projects\_memformer\dncformer\experiments\runs\dncformer-20250827-151432-E18_sequential-s1337,hf,1,890,1.5018271207809448,0.1795947551727295,0.07919847220182419,0.00016290067287627608,,,,
E18_sequential-s1337,C:\Users\andre\Documents\_projects\_memformer\dncformer\experiments\runs\dncformer-20250827-151432-E18_sequential-s1337,hf,0,910,1.2537744045257568,0.00472449092194438,0.0,0.00015702487144153565,0.00351027213037014,0.0034010594245046377,0.0025018127635121346,0.009484820067882538
E18_sequential-s1337,C:\Users\andre\Documents\_projects\_memformer\dncformer\experiments\runs\dncformer-20250827-151432-E18_sequential-s1337,hf,1,910,1.2537744045257568,0.14668719470500946,0.0021306818816810846,0.00015702487144153565,,,,
E18_sequential-s1337,C:\Users\andre\Documents\_projects\_memformer\dncformer\experiments\runs\dncformer-20250827-151432-E18_sequential-s1337,hf,0,920,1.5418107509613037,0.023839132860302925,0.0,0.00015397591050714254,0.0022832464892417192,0.013788960874080658,0.049584291875362396,0.029506830498576164
E18_sequential-s1337,C:\Users\andre\Documents\_projects\_memformer\dncformer\experiments\runs\dncformer-20250827-151432-E18_sequential-s1337,hf,1,920,1.5418107509613037,0.21964587271213531,0.011619717814028263,0.00015397591050714254,,,,
E18_sequential-s1337,C:\Users\andre\Documents\_projects\_memformer\dncformer\experiments\runs\dncformer-20250827-151432-E18_sequential-s1337,hf,0,970,1.31753408908844,0.18371841311454773,0.11249999701976776,0.00013781152665615082,0.048916131258010864,0.08857980370521545,0.2216830998659134,0.3756946623325348
E18_sequential-s1337,C:\Users\andre\Documents\_projects\_memformer\dncformer\experiments\runs\dncformer-20250827-151432-E18_sequential-s1337,hf,1,970,1.31753408908844,0.07251639664173126,0.0,0.00013781152665615082,,,,
E18_sequential-s1337,C:\Users\andre\Documents\_projects\_memformer\dncformer\experiments\runs\dncformer-20250827-151432-E18_sequential-s1337,hf,0,990,1.5342421531677246,0.16074201464653015,0.10554474592208862,0.00013101007789373398,0.013816554099321365,0.10651316493749619,0.1754789650440216,0.34429144859313965
E18_sequential-s1337,C:\Users\andre\Documents\_projects\_memformer\dncformer\experiments\runs\dncformer-20250827-151432-E18_sequential-s1337,hf,1,990,1.5342421531677246,0.0,0.0,0.00013101007789373398,,,,
E18_sequential-s1337,C:\Users\andre\Documents\_projects\_memformer\dncformer\experiments\runs\dncformer-20250827-151432-E18_sequential-s1337,nback,0,20,5.888360500335693,0.011430077254772186,0.0068359375,8.000012167030945e-05,0.03208707273006439,0.0047541530802845955,0.004506922326982021,0.004372160416096449
E18_sequential-s1337,C:\Users\andre\Documents\_projects\_memformer\dncformer\experiments\runs\dncformer-20250827-151432-E18_sequential-s1337,nback,1,20,5.888360500335693,0.7239030003547668,0.998046875,8.000012167030945e-05,,,,
E18_sequential-s1337,C:\Users\andre\Documents\_projects\_memformer\dncformer\experiments\runs\dncformer-20250827-151432-E18_sequential-s1337,nback,0,40,5.319772243499756,0.00865270011126995,0.0087890625,0.0001600000396138057,0.0324455201625824,0.0007452415302395821,0.0007106318371370435,0.0007094061002135277
E18_sequential-s1337,C:\Users\andre\Documents\_projects\_memformer\dncformer\experiments\runs\dncformer-20250827-151432-E18_sequential-s1337,nback,1,40,5.319772243499756,0.8072358965873718,1.0,0.0001600000396138057,,,,
E18_sequential-s1337,C:\Users\andre\Documents\_projects\_memformer\dncformer\experiments\runs\dncformer-20250827-151432-E18_sequential-s1337,nback,0,120,7.550694942474365,0.39022111892700195,0.177734375,0.00015085915219970047,0.4096646308898926,0.37805941700935364,0.3887072205543518,0.38445308804512024
E18_sequential-s1337,C:\Users\andre\Documents\_projects\_memformer\dncformer\experiments\runs\dncformer-20250827-151432-E18_sequential-s1337,nback,1,120,7.550694942474365,0.017269527539610863,0.0126953125,0.00015085915219970047,,,,
E18_sequential-s1337,C:\Users\andre\Documents\_projects\_memformer\dncformer\experiments\runs\dncformer-20250827-151432-E18_sequential-s1337,nback,0,170,5.3161139488220215,0.9944285154342651,1.0,8.218846778618172e-05,0.9912729263305664,0.9954228401184082,0.9955247640609741,0.9954933524131775
E18_sequential-s1337,C:\Users\andre\Documents\_projects\_memformer\dncformer\experiments\runs\dncformer-20250827-151432-E18_sequential-s1337,nback,1,170,5.3161139488220215,0.9997770190238953,1.0,8.218846778618172e-05,,,,
E18_sequential-s1337,C:\Users\andre\Documents\_projects\_memformer\dncformer\experiments\runs\dncformer-20250827-151432-E18_sequential-s1337,nback,0,190,5.544454097747803,0.9229708909988403,0.99609375,5.7099328842014074e-05,0.8891928791999817,0.930014967918396,0.9344905018806458,0.9381852746009827
E18_sequential-s1337,C:\Users\andre\Documents\_projects\_memformer\dncformer\experiments\runs\dncformer-20250827-151432-E18_sequential-s1337,nback,1,190,5.544454097747803,0.9968680739402771,1.0,5.7099328842014074e-05,,,,
E18_sequential-s1337,C:\Users\andre\Documents\_projects\_memformer\dncformer\experiments\runs\dncformer-20250827-151432-E18_sequential-s1337,nback,0,200,5.151771545410156,0.944270133972168,0.99609375,4.636039011529647e-05,0.9203770160675049,0.9520288705825806,0.952627420425415,0.9520471096038818
E18_sequential-s1337,C:\Users\andre\Documents\_projects\_memformer\dncformer\experiments\runs\dncformer-20250827-151432-E18_sequential-s1337,nback,1,200,5.151771545410156,0.9953701496124268,0.998046875,4.636039011529647e-05,,,,
E18_sequential-s1337,C:\Users\andre\Documents\_projects\_memformer\dncformer\experiments\runs\dncformer-20250827-151432-E18_sequential-s1337,nback,0,220,5.126522541046143,0.968374490737915,1.0,2.9809412808390334e-05,0.9532662630081177,0.9723987579345703,0.9740169048309326,0.97381591796875
E18_sequential-s1337,C:\Users\andre\Documents\_projects\_memformer\dncformer\experiments\runs\dncformer-20250827-151432-E18_sequential-s1337,nback,1,220,5.126522541046143,0.9986856579780579,1.0,2.9809412808390334e-05,,,,
E18_sequential-s1337,C:\Users\andre\Documents\_projects\_memformer\dncformer\experiments\runs\dncformer-20250827-151432-E18_sequential-s1337,nback,0,260,5.290766716003418,0.018000252544879913,0.0029296875,0.00019972256268374622,0.031753890216350555,0.013792913407087326,0.013490751385688782,0.012963451445102692
E18_sequential-s1337,C:\Users\andre\Documents\_projects\_memformer\dncformer\experiments\runs\dncformer-20250827-151432-E18_sequential-s1337,nback,1,260,5.290766716003418,0.8700554370880127,1.0,0.00019972256268374622,,,,
E18_sequential-s1337,C:\Users\andre\Documents\_projects\_memformer\dncformer\experiments\runs\dncformer-20250827-151432-E18_sequential-s1337,nback,0,370,5.937839984893799,0.0002049694157904014,0.0,0.00016290067287627608,0.0008177175768651068,7.11796133145981e-07,7.17363604962884e-07,7.308744329748151e-07
E18_sequential-s1337,C:\Users\andre\Documents\_projects\_memformer\dncformer\experiments\runs\dncformer-20250827-151432-E18_sequential-s1337,nback,1,370,5.937839984893799,0.9479385614395142,0.998046875,0.00016290067287627608,,,,
E18_sequential-s1337,C:\Users\andre\Documents\_projects\_memformer\dncformer\experiments\runs\dncformer-20250827-151432-E18_sequential-s1337,nback,0,400,5.579583168029785,0.0016851017717272043,0.001953125,0.0001444415102014318,0.006736262235790491,1.711034769869002e-06,1.2575657137858798e-06,1.1774900485761464e-06
E18_sequential-s1337,C:\Users\andre\Documents\_projects\_memformer\dncformer\experiments\runs\dncformer-20250827-151432-E18_sequential-s1337,nback,1,400,5.579583168029785,0.7587083578109741,0.9990234375,0.0001444415102014318,,,,
E18_sequential-s1337,C:\Users\andre\Documents\_projects\_memformer\dncformer\experiments\runs\dncformer-20250827-151432-E18_sequential-s1337,nback,0,410,5.317037582397461,0.0008321175118908286,0.0,0.00013781152665615082,0.0033241345081478357,1.5475416148547083e-06,1.4440201994148083e-06,1.3438158248391119e-06
E18_sequential-s1337,C:\Users\andre\Documents\_projects\_memformer\dncformer\experiments\runs\dncformer-20250827-151432-E18_sequential-s1337,nback,1,410,5.317037582397461,0.7471131086349487,1.0,0.00013781152665615082,,,,
E18_sequential-s1337,C:\Users\andre\Documents\_projects\_memformer\dncformer\experiments\runs\dncformer-20250827-151432-E18_sequential-s1337,nback,0,420,5.183897972106934,0.0037217463832348585,0.00390625,0.00013101007789373398,0.014880101196467876,2.5267604542023037e-06,2.2168528630572837e-06,2.1419664335553534e-06
E18_sequential-s1337,C:\Users\andre\Documents\_projects\_memformer\dncformer\experiments\runs\dncformer-20250827-151432-E18_sequential-s1337,nback,1,420,5.183897972106934,0.9412263035774231,1.0,0.00013101007789373398,,,,
E18_sequential-s1337,C:\Users\andre\Documents\_projects\_memformer\dncformer\experiments\runs\dncformer-20250827-151432-E18_sequential-s1337,nback,0,440,5.3582868576049805,0.0016195694915950298,0.0009765625,0.00011706131772371009,0.0064678373746573925,3.5981895507575246e-06,3.513629508233862e-06,3.3289943530689925e-06
E18_sequential-s1337,C:\Users\andre\Documents\_projects\_memformer\dncformer\experiments\runs\dncformer-20250827-151432-E18_sequential-s1337,nback,1,440,5.3582868576049805,0.869520902633667,1.0,0.00011706131772371009,,,,
E18_sequential-s1337,C:\Users\andre\Documents\_projects\_memformer\dncformer\experiments\runs\dncformer-20250827-151432-E18_sequential-s1337,nback,0,490,5.19642448425293,0.003685315139591694,0.0029296875,8.218846778618172e-05,0.014711449854075909,1.1034071576432325e-05,9.614763257559389e-06,9.163656613964122e-06
E18_sequential-s1337,C:\Users\andre\Documents\_projects\_memformer\dncformer\experiments\runs\dncformer-20250827-151432-E18_sequential-s1337,nback,1,490,5.19642448425293,0.780354380607605,1.0,8.218846778618172e-05,,,,
E18_sequential-s1337,C:\Users\andre\Documents\_projects\_memformer\dncformer\experiments\runs\dncformer-20250827-151432-E18_sequential-s1337,nback,0,500,5.209210395812988,0.004050534218549728,0.00390625,7.555849151685834e-05,0.016165001317858696,1.3677457900485024e-05,1.1797863407991827e-05,1.1661033568088897e-05
E18_sequential-s1337,C:\Users\andre\Documents\_projects\_memformer\dncformer\experiments\runs\dncformer-20250827-151432-E18_sequential-s1337,nback,1,500,5.209210395812988,0.8517284989356995,1.0,7.555849151685834e-05,,,,
E18_sequential-s1337,C:\Users\andre\Documents\_projects\_memformer\dncformer\experiments\runs\dncformer-20250827-151432-E18_sequential-s1337,nback,0,510,5.040297985076904,0.007053222972899675,0.0078125,6.914085679454729e-05,0.028179720044136047,1.1930545952054672e-05,1.0976898920489475e-05,1.026653808366973e-05
E18_sequential-s1337,C:\Users\andre\Documents\_projects\_memformer\dncformer\experiments\runs\dncformer-20250827-151432-E18_sequential-s1337,nback,1,510,5.040297985076904,0.7842516303062439,1.0,6.914085679454729e-05,,,,
E18_sequential-s1337,C:\Users\andre\Documents\_projects\_memformer\dncformer\experiments\runs\dncformer-20250827-151432-E18_sequential-s1337,nback,0,540,5.985451698303223,0.005625223275274038,0.005859375,5.154967584530823e-05,0.02243763767182827,2.1888648916501552e-05,2.1125979401404038e-05,2.02420269488357e-05
E18_sequential-s1337,C:\Users\andre\Documents\_projects\_memformer\dncformer\experiments\runs\dncformer-20250827-151432-E18_sequential-s1337,nback,1,540,5.985451698303223,0.0,0.0,5.154967584530823e-05,,,,
E18_sequential-s1337,C:\Users\andre\Documents\_projects\_memformer\dncformer\experiments\runs\dncformer-20250827-151432-E18_sequential-s1337,nback,0,560,5.0655035972595215,0.005720699205994606,0.005859375,4.1563464037608355e-05,0.02276524528861046,4.077481207787059e-05,3.798649413511157e-05,3.879250289173797e-05
E18_sequential-s1337,C:\Users\andre\Documents\_projects\_memformer\dncformer\experiments\runs\dncformer-20250827-151432-E18_sequential-s1337,nback,1,560,5.0655035972595215,0.951279878616333,1.0,4.1563464037608355e-05,,,,
E18_sequential-s1337,C:\Users\andre\Documents\_projects\_memformer\dncformer\experiments\runs\dncformer-20250827-151432-E18_sequential-s1337,nback,0,580,4.940110683441162,0.005310642998665571,0.0048828125,3.3262385841226205e-05,0.021102529019117355,4.9387461331207305e-05,4.586181967169978e-05,4.47956845164299e-05
E18_sequential-s1337,C:\Users\andre\Documents\_projects\_memformer\dncformer\experiments\runs\dncformer-20250827-151432-E18_sequential-s1337,nback,1,580,4.940110683441162,0.9090806841850281,1.0,3.3262385841226205e-05,,,,
E18_sequential-s1337,C:\Users\andre\Documents\_projects\_memformer\dncformer\experiments\runs\dncformer-20250827-151432-E18_sequential-s1337,nback,0,600,4.967617511749268,0.005371354520320892,0.0048828125,2.685084291442763e-05,0.021358827129006386,4.44225333922077e-05,4.190164327155799e-05,4.026824899483472e-05
E18_sequential-s1337,C:\Users\andre\Documents\_projects\_memformer\dncformer\experiments\runs\dncformer-20250827-151432-E18_sequential-s1337,nback,1,600,4.967617511749268,0.8776169419288635,1.0,2.685084291442763e-05,,,,
E18_sequential-s1337,C:\Users\andre\Documents\_projects\_memformer\dncformer\experiments\runs\dncformer-20250827-151432-E18_sequential-s1337,nback,0,610,4.974389553070068,0.00668770307675004,0.0068359375,2.4404913347098045e-05,0.02661145105957985,4.9326255975756794e-05,4.547798744169995e-05,4.455455928109586e-05
E18_sequential-s1337,C:\Users\andre\Documents\_projects\_memformer\dncformer\experiments\runs\dncformer-20250827-151432-E18_sequential-s1337,nback,1,610,4.974389553070068,0.8180458545684814,1.0,2.4404913347098045e-05,,,,
E18_sequential-s1337,C:\Users\andre\Documents\_projects\_memformer\dncformer\experiments\runs\dncformer-20250827-151432-E18_sequential-s1337,nback,0,640,4.9596757888793945,0.005126854404807091,0.005859375,2.0277440853533335e-05,0.02034422568976879,5.5590364354429767e-05,5.355097528081387e-05,5.4046689911047e-05
E18_sequential-s1337,C:\Users\andre\Documents\_projects\_memformer\dncformer\experiments\runs\dncformer-20250827-151432-E18_sequential-s1337,nback,1,640,4.9596757888793945,0.9644100666046143,1.0,2.0277440853533335e-05,,,,
E18_sequential-s1337,C:\Users\andre\Documents\_projects\_memformer\dncformer\experiments\runs\dncformer-20250827-151432-E18_sequential-s1337,nback,0,700,5.588995933532715,0.004847521893680096,0.0048828125,0.00019827067444566637,0.019056377932429314,0.00011415444896556437,0.0001089321740437299,0.00011062395060434937
E18_sequential-s1337,C:\Users\andre\Documents\_projects\_memformer\dncformer\experiments\runs\dncformer-20250827-151432-E18_sequential-s1337,nback,1,700,5.588995933532715,0.8597389459609985,0.9921875,0.00019827067444566637,,,,
E18_sequential-s1337,C:\Users\andre\Documents\_projects\_memformer\dncformer\experiments\runs\dncformer-20250827-151432-E18_sequential-s1337,nback,0,730,5.830179214477539,0.0031095233280211687,0.0029296875,0.0001955950865522027,0.011961535550653934,0.0001622712006792426,0.0001581925607752055,0.0001560944365337491
E18_sequential-s1337,C:\Users\andre\Documents\_projects\_memformer\dncformer\experiments\runs\dncformer-20250827-151432-E18_sequential-s1337,nback,1,730,5.830179214477539,0.9815500974655151,1.0,0.0001955950865522027,,,,
E18_sequential-s1337,C:\Users\andre\Documents\_projects\_memformer\dncformer\experiments\runs\dncformer-20250827-151432-E18_sequential-s1337,nback,0,760,7.393967151641846,0.006765693426132202,0.005859375,0.0001917328918352723,0.023532649502158165,0.0016357916174456477,0.0016180889215320349,0.00027624392532743514
E18_sequential-s1337,C:\Users\andre\Documents\_projects\_memformer\dncformer\experiments\runs\dncformer-20250827-151432-E18_sequential-s1337,nback,1,760,7.393967151641846,0.9773340225219727,1.0,0.0001917328918352723,,,,
E18_sequential-s1337,C:\Users\andre\Documents\_projects\_memformer\dncformer\experiments\runs\dncformer-20250827-151432-E18_sequential-s1337,nback,0,880,5.762296676635742,0.004953562282025814,0.00390625,0.00016571846208535135,0.019533643499016762,0.00010608170123305172,8.766530663706362e-05,8.685952343512326e-05
E18_sequential-s1337,C:\Users\andre\Documents\_projects\_memformer\dncformer\experiments\runs\dncformer-20250827-151432-E18_sequential-s1337,nback,1,880,5.762296676635742,0.9996428489685059,1.0,0.00016571846208535135,,,,
E18_sequential-s1337,C:\Users\andre\Documents\_projects\_memformer\dncformer\experiments\runs\dncformer-20250827-151432-E18_sequential-s1337,nback,0,930,5.165986061096191,0.006576118525117636,0.005859375,0.00015085915219970047,0.025835447013378143,0.00017704162746667862,0.0001493782183388248,0.00014260389434639364
E18_sequential-s1337,C:\Users\andre\Documents\_projects\_memformer\dncformer\experiments\runs\dncformer-20250827-151432-E18_sequential-s1337,nback,1,930,5.165986061096191,0.9698619842529297,1.0,0.00015085915219970047,,,,
E18_sequential-s1337,C:\Users\andre\Documents\_projects\_memformer\dncformer\experiments\runs\dncformer-20250827-151432-E18_sequential-s1337,nback,0,950,5.654374122619629,0.006092541851103306,0.00390625,0.0001444415102014318,0.02083476260304451,0.0013045412488281727,0.0011859999503940344,0.0010448647662997246
E18_sequential-s1337,C:\Users\andre\Documents\_projects\_memformer\dncformer\experiments\runs\dncformer-20250827-151432-E18_sequential-s1337,nback,1,950,5.654374122619629,0.9683589935302734,1.0,0.0001444415102014318,,,,
E18_sequential-s1337,C:\Users\andre\Documents\_projects\_memformer\dncformer\experiments\runs\dncformer-20250827-151432-E18_sequential-s1337,nback,0,980,5.155847072601318,0.009844528511166573,0.0087890625,0.00013442964700516313,0.03761913627386093,0.0006927552167326212,0.0005529070040211082,0.0005133171798661351
E18_sequential-s1337,C:\Users\andre\Documents\_projects\_memformer\dncformer\experiments\runs\dncformer-20250827-151432-E18_sequential-s1337,nback,1,980,5.155847072601318,0.9141343832015991,1.0,0.00013442964700516313,,,,
E18_sequential-s1337,C:\Users\andre\Documents\_projects\_memformer\dncformer\experiments\runs\dncformer-20250827-151432-E18_sequential-s1337,repeat,0,10,8.463994979858398,0.13878822326660156,0.0205078125,4.000015906058252e-05,0.18142512440681458,0.13014693558216095,0.12168312072753906,0.12189774215221405
E18_sequential-s1337,C:\Users\andre\Documents\_projects\_memformer\dncformer\experiments\runs\dncformer-20250827-151432-E18_sequential-s1337,repeat,1,10,8.463994979858398,0.4369584023952484,0.2451171875,4.000015906058252e-05,,,,
E18_sequential-s1337,C:\Users\andre\Documents\_projects\_memformer\dncformer\experiments\runs\dncformer-20250827-151432-E18_sequential-s1337,repeat,0,50,5.57646369934082,0.03837687894701958,0.0419921875,0.00019999999494757503,0.15010224282741547,0.0014523188583552837,0.0010329876095056534,0.0009199664928019047
E18_sequential-s1337,C:\Users\andre\Documents\_projects\_memformer\dncformer\experiments\runs\dncformer-20250827-151432-E18_sequential-s1337,repeat,1,50,5.57646369934082,0.9822278618812561,1.0,0.00019999999494757503,,,,
E18_sequential-s1337,C:\Users\andre\Documents\_projects\_memformer\dncformer\experiments\runs\dncformer-20250827-151432-E18_sequential-s1337,repeat,0,60,6.108397483825684,0.0474143922328949,0.0390625,0.00019889195391442627,0.14331132173538208,0.031912911683321,0.009522389620542526,0.00491094496101141
E18_sequential-s1337,C:\Users\andre\Documents\_projects\_memformer\dncformer\experiments\runs\dncformer-20250827-151432-E18_sequential-s1337,repeat,1,60,6.108397483825684,0.8860149383544922,0.99609375,0.00019889195391442627,,,,
E18_sequential-s1337,C:\Users\andre\Documents\_projects\_memformer\dncformer\experiments\runs\dncformer-20250827-151432-E18_sequential-s1337,repeat,0,100,6.092061996459961,0.09786951541900635,0.041015625,0.00017363960796501487,0.20493212342262268,0.07074509561061859,0.060605600476264954,0.055195242166519165
E18_sequential-s1337,C:\Users\andre\Documents\_projects\_memformer\dncformer\experiments\runs\dncformer-20250827-151432-E18_sequential-s1337,repeat,1,100,6.092061996459961,0.0058037941344082355,0.001953125,0.00017363960796501487,,,,
E18_sequential-s1337,C:\Users\andre\Documents\_projects\_memformer\dncformer\experiments\runs\dncformer-20250827-151432-E18_sequential-s1337,repeat,0,110,6.018698215484619,0.5598291158676147,0.580078125,0.00016290067287627608,0.7082279920578003,0.5321437120437622,0.5027961134910583,0.49614855647087097
E18_sequential-s1337,C:\Users\andre\Documents\_projects\_memformer\dncformer\experiments\runs\dncformer-20250827-151432-E18_sequential-s1337,repeat,1,110,6.018698215484619,0.09026957303285599,0.083984375,0.00016290067287627608,,,,
E18_sequential-s1337,C:\Users\andre\Documents\_projects\_memformer\dncformer\experiments\runs\dncformer-20250827-151432-E18_sequential-s1337,repeat,0,150,6.167768955230713,0.9896436929702759,1.0,0.00011000000085914508,0.9815744757652283,0.9892879724502563,0.9928970336914062,0.994815468788147
E18_sequential-s1337,C:\Users\andre\Documents\_projects\_memformer\dncformer\experiments\runs\dncformer-20250827-151432-E18_sequential-s1337,repeat,1,150,6.167768955230713,0.9997766613960266,1.0,0.00011000000085914508,,,,
E18_sequential-s1337,C:\Users\andre\Documents\_projects\_memformer\dncformer\experiments\runs\dncformer-20250827-151432-E18_sequential-s1337,repeat,0,230,5.468774795532227,0.9119557738304138,0.9951171875,2.4404913347098045e-05,0.8630930781364441,0.9165379405021667,0.9326194524765015,0.9355725646018982
E18_sequential-s1337,C:\Users\andre\Documents\_projects\_memformer\dncformer\experiments\runs\dncformer-20250827-151432-E18_sequential-s1337,repeat,1,230,5.468774795532227,0.9954082369804382,0.9990234375,2.4404913347098045e-05,,,,
E18_sequential-s1337,C:\Users\andre\Documents\_projects\_memformer\dncformer\experiments\runs\dncformer-20250827-151432-E18_sequential-s1337,repeat,0,280,5.389864444732666,0.020252544432878494,0.0126953125,0.00019751329091377556,0.08039503544569016,0.0006087638903409243,3.8121818306535715e-06,2.559135509727639e-06
E18_sequential-s1337,C:\Users\andre\Documents\_projects\_memformer\dncformer\experiments\runs\dncformer-20250827-151432-E18_sequential-s1337,repeat,1,280,5.389864444732666,0.9164673089981079,0.9990234375,0.00019751329091377556,,,,
E18_sequential-s1337,C:\Users\andre\Documents\_projects\_memformer\dncformer\experiments\runs\dncformer-20250827-151432-E18_sequential-s1337,repeat,0,310,6.74068546295166,0.03457023948431015,0.0419921875,0.00019019059254787862,0.10309034585952759,0.03517121076583862,1.3776407286059111e-05,5.619638614007272e-06
E18_sequential-s1337,C:\Users\andre\Documents\_projects\_memformer\dncformer\experiments\runs\dncformer-20250827-151432-E18_sequential-s1337,repeat,1,310,6.74068546295166,0.9818458557128906,1.0,0.00019019059254787862,,,,
E18_sequential-s1337,C:\Users\andre\Documents\_projects\_memformer\dncformer\experiments\runs\dncformer-20250827-151432-E18_sequential-s1337,repeat,0,320,6.489566802978516,0.013308003544807434,0.015625,0.00018673761223908514,0.05322379618883133,4.2760034375533e-06,2.210401135016582e-06,1.7302727428614162e-06
E18_sequential-s1337,C:\Users\andre\Documents\_projects\_memformer\dncformer\experiments\runs\dncformer-20250827-151432-E18_sequential-s1337,repeat,1,320,6.489566802978516,0.893519937992096,0.984375,0.00018673761223908514,,,,
E18_sequential-s1337,C:\Users\andre\Documents\_projects\_memformer\dncformer\experiments\runs\dncformer-20250827-151432-E18_sequential-s1337,repeat,0,480,4.987661838531494,0.05711468681693077,0.0576171875,8.898991654859856e-05,0.22718581557273865,0.0012054130202159286,4.159418313065544e-05,2.592545388324652e-05
E18_sequential-s1337,C:\Users\andre\Documents\_projects\_memformer\dncformer\experiments\runs\dncformer-20250827-151432-E18_sequential-s1337,repeat,1,480,4.987661838531494,0.8374859690666199,0.98828125,8.898991654859856e-05,,,,
E18_sequential-s1337,C:\Users\andre\Documents\_projects\_memformer\dncformer\experiments\runs\dncformer-20250827-151432-E18_sequential-s1337,repeat,0,550,5.153923034667969,0.055566027760505676,0.0546875,4.636039011529647e-05,0.2217855304479599,0.00015952641842886806,6.703326653223485e-05,0.000252012861892581
E18_sequential-s1337,C:\Users\andre\Documents\_projects\_memformer\dncformer\experiments\runs\dncformer-20250827-151432-E18_sequential-s1337,repeat,1,550,5.153923034667969,0.9819117784500122,1.0,4.636039011529647e-05,,,,
E18_sequential-s1337,C:\Users\andre\Documents\_projects\_memformer\dncformer\experiments\runs\dncformer-20250827-151432-E18_sequential-s1337,repeat,0,590,5.151989459991455,0.025619233027100563,0.0224609375,2.9809412808390334e-05,0.10212938487529755,0.0001017524627968669,0.00018030317733064294,6.548977398779243e-05
E18_sequential-s1337,C:\Users\andre\Documents\_projects\_memformer\dncformer\experiments\runs\dncformer-20250827-151432-E18_sequential-s1337,repeat,1,590,5.151989459991455,0.9056171178817749,0.9990234375,2.9809412808390334e-05,,,,
E18_sequential-s1337,C:\Users\andre\Documents\_projects\_memformer\dncformer\experiments\runs\dncformer-20250827-151432-E18_sequential-s1337,repeat,0,660,5.359833717346191,0.08896499872207642,0.09375,0.00019993061141576618,0.3133549988269806,0.04219811037182808,0.00019240425899624825,0.00011447020369814709
E18_sequential-s1337,C:\Users\andre\Documents\_projects\_memformer\dncformer\experiments\runs\dncformer-20250827-151432-E18_sequential-s1337,repeat,1,660,5.359833717346191,0.358691930770874,0.1728515625,0.00019993061141576618,,,,
E18_sequential-s1337,C:\Users\andre\Documents\_projects\_memformer\dncformer\experiments\runs\dncformer-20250827-151432-E18_sequential-s1337,repeat,0,680,5.429618835449219,0.044736362993717194,0.0390625,0.00019937615434173495,0.17822714149951935,0.0003104842035099864,0.00021753800683654845,0.00019028678070753813
E18_sequential-s1337,C:\Users\andre\Documents\_projects\_memformer\dncformer\experiments\runs\dncformer-20250827-151432-E18_sequential-s1337,repeat,1,680,5.429618835449219,0.9614167213439941,1.0,0.00019937615434173495,,,,
E18_sequential-s1337,C:\Users\andre\Documents\_projects\_memformer\dncformer\experiments\runs\dncformer-20250827-151432-E18_sequential-s1337,repeat,0,710,5.595240116119385,0.03941400721669197,0.0400390625,0.00019751329091377556,0.15667392313480377,0.0003605938400141895,0.0003276724892202765,0.00029384728986769915
E18_sequential-s1337,C:\Users\andre\Documents\_projects\_memformer\dncformer\experiments\runs\dncformer-20250827-151432-E18_sequential-s1337,repeat,1,710,5.595240116119385,0.9961445331573486,1.0,0.00019751329091377556,,,,
E18_sequential-s1337,C:\Users\andre\Documents\_projects\_memformer\dncformer\experiments\runs\dncformer-20250827-151432-E18_sequential-s1337,repeat,0,860,5.484653949737549,0.05028600990772247,0.05078125,0.0001710920623736456,0.1976705640554428,0.0015965562779456377,0.0010000636102631688,0.0008768373518250883
E18_sequential-s1337,C:\Users\andre\Documents\_projects\_memformer\dncformer\experiments\runs\dncformer-20250827-151432-E18_sequential-s1337,repeat,1,860,5.484653949737549,0.9994406700134277,1.0,0.0001710920623736456,,,,
E18_sequential-s1337,C:\Users\andre\Documents\_projects\_memformer\dncformer\experiments\runs\dncformer-20250827-151432-E18_sequential-s1337,repeat,0,900,5.1519341468811035,0.0458173006772995,0.0439453125,0.0001600013201823458,0.18279990553855896,0.0002039418905042112,0.00014314998406916857,0.00012224040983710438
E18_sequential-s1337,C:\Users\andre\Documents\_projects\_memformer\dncformer\experiments\runs\dncformer-20250827-151432-E18_sequential-s1337,repeat,1,900,5.1519341468811035,0.991171658039093,1.0,0.0001600013201823458,,,,
E18_sequential-s1337,C:\Users\andre\Documents\_projects\_memformer\dncformer\experiments\runs\dncformer-20250827-151432-E18_sequential-s1337,repeat,0,960,5.1762213706970215,0.07519236952066422,0.0888671875,0.00014115053636487573,0.22629207372665405,0.06355500221252441,0.004911480471491814,0.006010883487761021
E18_sequential-s1337,C:\Users\andre\Documents\_projects\_memformer\dncformer\experiments\runs\dncformer-20250827-151432-E18_sequential-s1337,repeat,1,960,5.1762213706970215,0.912091851234436,1.0,0.00014115053636487573,,,,
E18_sequential-s1337,C:\Users\andre\Documents\_projects\_memformer\dncformer\experiments\runs\dncformer-20250827-151432-E18_sequential-s1337,repeat,0,1000,4.92030143737793,0.017887676134705544,0.0146484375,0.0001275581307709217,0.0694684311747551,0.0008138398407027125,0.0006953991251066327,0.0005730342236347497
E18_sequential-s1337,C:\Users\andre\Documents\_projects\_memformer\dncformer\experiments\runs\dncformer-20250827-151432-E18_sequential-s1337,repeat,1,1000,4.92030143737793,0.8774645328521729,0.99609375,0.0001275581307709217,,,,
