label,run_id,step,task,block,loss,g_mean,g_frac>0.5,lr,g_b0_Q1,g_b0_Q2,g_b0_Q3,g_b0_Q4
E0_baseline,E0_baseline,20,copy,0,15.003141403198242,,,0.00019975140457972884,,,,
E0_baseline,E0_baseline,90,copy,0,12.561962127685547,,,0.0001868154649855569,,,,
E0_baseline,E0_baseline,190,copy,0,5.9928178787231445,,,0.00013989124272484332,,,,
E0_baseline,E0_baseline,200,copy,0,5.976954460144043,,,0.00013393411063589156,,,,
E0_baseline,E0_baseline,300,copy,0,5.5751261711120605,,,7.093318708939478e-05,,,,
E0_baseline,E0_baseline,350,copy,0,5.497354984283447,,,4.22636658186093e-05,,,,
E0_baseline,E0_baseline,390,copy,0,5.447081089019775,,,2.3441365556209348e-05,,,,
E0_baseline,E0_baseline,400,copy,0,5.451248645782471,,,1.9999999494757503e-05,,,,
E0_baseline,E0_baseline,430,copy,0,5.4456586837768555,,,1.9999999494757503e-05,,,,
E0_baseline,E0_baseline,500,copy,0,5.428534030914307,,,1.9999999494757503e-05,,,,
E0_baseline,E0_baseline,20,copy,1,15.003141403198242,,,0.00019975140457972884,,,,
E0_baseline,E0_baseline,90,copy,1,12.561962127685547,,,0.0001868154649855569,,,,
E0_baseline,E0_baseline,190,copy,1,5.9928178787231445,,,0.00013989124272484332,,,,
E0_baseline,E0_baseline,200,copy,1,5.976954460144043,,,0.00013393411063589156,,,,
E0_baseline,E0_baseline,300,copy,1,5.5751261711120605,,,7.093318708939478e-05,,,,
E0_baseline,E0_baseline,350,copy,1,5.497354984283447,,,4.22636658186093e-05,,,,
E0_baseline,E0_baseline,390,copy,1,5.447081089019775,,,2.3441365556209348e-05,,,,
E0_baseline,E0_baseline,400,copy,1,5.451248645782471,,,1.9999999494757503e-05,,,,
E0_baseline,E0_baseline,430,copy,1,5.4456586837768555,,,1.9999999494757503e-05,,,,
E0_baseline,E0_baseline,500,copy,1,5.428534030914307,,,1.9999999494757503e-05,,,,
E0_baseline,E0_baseline,50,hf,0,4.73052453994751,,,0.00019656486983876675,,,,
E0_baseline,E0_baseline,70,hf,0,3.141420602798462,,,0.00019244916620664299,,,,
E0_baseline,E0_baseline,80,hf,0,3.5202343463897705,,,0.00018981685570906848,,,,
E0_baseline,E0_baseline,100,hf,0,3.5478971004486084,,,0.00018345731950830668,,,,
E0_baseline,E0_baseline,110,hf,0,2.4882538318634033,,,0.00017975624359678477,,,,
E0_baseline,E0_baseline,130,hf,0,3.2768983840942383,,,0.000171387437148951,,,,
E0_baseline,E0_baseline,140,hf,0,2.4054648876190186,,,0.00016675409278832376,,,,
E0_baseline,E0_baseline,150,hf,0,2.7965073585510254,,,0.0001618464448256418,,,,
E0_baseline,E0_baseline,210,hf,0,2.2245097160339355,,,0.00012783754209522158,,,,
E0_baseline,E0_baseline,230,hf,0,1.585882306098938,,,0.00011532674398040399,,,,
E0_baseline,E0_baseline,240,hf,0,1.5321656465530396,,,0.00010896393359871581,,,,
E0_baseline,E0_baseline,250,hf,0,1.7784006595611572,,,0.00010256428504362702,,,,
E0_baseline,E0_baseline,260,hf,0,1.7973406314849854,,,9.61541009019129e-05,,,,
E0_baseline,E0_baseline,290,hf,0,1.3202928304672241,,,7.712330261711031e-05,,,,
E0_baseline,E0_baseline,310,hf,0,1.7033798694610596,,,6.48625209578313e-05,,,,
E0_baseline,E0_baseline,380,hf,0,0.9454332590103149,,,2.772051448118873e-05,,,,
E0_baseline,E0_baseline,420,hf,0,1.3308693170547485,,,1.9999999494757503e-05,,,,
E0_baseline,E0_baseline,440,hf,0,1.4987988471984863,,,1.9999999494757503e-05,,,,
E0_baseline,E0_baseline,450,hf,0,1.311883568763733,,,1.9999999494757503e-05,,,,
E0_baseline,E0_baseline,470,hf,0,1.5027741193771362,,,1.9999999494757503e-05,,,,
E0_baseline,E0_baseline,480,hf,0,1.2204921245574951,,,1.9999999494757503e-05,,,,
E0_baseline,E0_baseline,50,hf,1,4.73052453994751,,,0.00019656486983876675,,,,
E0_baseline,E0_baseline,70,hf,1,3.141420602798462,,,0.00019244916620664299,,,,
E0_baseline,E0_baseline,80,hf,1,3.5202343463897705,,,0.00018981685570906848,,,,
E0_baseline,E0_baseline,100,hf,1,3.5478971004486084,,,0.00018345731950830668,,,,
E0_baseline,E0_baseline,110,hf,1,2.4882538318634033,,,0.00017975624359678477,,,,
E0_baseline,E0_baseline,130,hf,1,3.2768983840942383,,,0.000171387437148951,,,,
E0_baseline,E0_baseline,140,hf,1,2.4054648876190186,,,0.00016675409278832376,,,,
E0_baseline,E0_baseline,150,hf,1,2.7965073585510254,,,0.0001618464448256418,,,,
E0_baseline,E0_baseline,210,hf,1,2.2245097160339355,,,0.00012783754209522158,,,,
E0_baseline,E0_baseline,230,hf,1,1.585882306098938,,,0.00011532674398040399,,,,
E0_baseline,E0_baseline,240,hf,1,1.5321656465530396,,,0.00010896393359871581,,,,
E0_baseline,E0_baseline,250,hf,1,1.7784006595611572,,,0.00010256428504362702,,,,
E0_baseline,E0_baseline,260,hf,1,1.7973406314849854,,,9.61541009019129e-05,,,,
E0_baseline,E0_baseline,290,hf,1,1.3202928304672241,,,7.712330261711031e-05,,,,
E0_baseline,E0_baseline,310,hf,1,1.7033798694610596,,,6.48625209578313e-05,,,,
E0_baseline,E0_baseline,380,hf,1,0.9454332590103149,,,2.772051448118873e-05,,,,
E0_baseline,E0_baseline,420,hf,1,1.3308693170547485,,,1.9999999494757503e-05,,,,
E0_baseline,E0_baseline,440,hf,1,1.4987988471984863,,,1.9999999494757503e-05,,,,
E0_baseline,E0_baseline,450,hf,1,1.311883568763733,,,1.9999999494757503e-05,,,,
E0_baseline,E0_baseline,470,hf,1,1.5027741193771362,,,1.9999999494757503e-05,,,,
E0_baseline,E0_baseline,480,hf,1,1.2204921245574951,,,1.9999999494757503e-05,,,,
E0_baseline,E0_baseline,60,nback,0,9.290443420410156,,,0.00019470159895718098,,,,
E0_baseline,E0_baseline,120,nback,0,8.943482398986816,,,0.00017572742945048958,,,,
E0_baseline,E0_baseline,160,nback,0,6.950831413269043,,,0.00015668464766349643,,,,
E0_baseline,E0_baseline,170,nback,0,6.130590438842773,,,0.00015128993254620582,,,,
E0_baseline,E0_baseline,180,nback,0,7.746346473693848,,,0.00014568444748874754,,,,
E0_baseline,E0_baseline,220,nback,0,6.301973342895508,,,0.0001216265736729838,,,,
E0_baseline,E0_baseline,270,nback,0,5.4771623611450195,,,8.975972014013678e-05,,,,
E0_baseline,E0_baseline,280,nback,0,5.287978172302246,,,8.340741624124348e-05,,,,
E0_baseline,E0_baseline,320,nback,0,4.955355167388916,,,5.893623529118486e-05,,,,
E0_baseline,E0_baseline,330,nback,0,5.056856155395508,,,5.3178689995547757e-05,,,,
E0_baseline,E0_baseline,340,nback,0,4.993006229400635,,,4.7613546485081315e-05,,,,
E0_baseline,E0_baseline,360,nback,0,5.0028910636901855,,,3.715103957802057e-05,,,,
E0_baseline,E0_baseline,370,nback,0,5.2838029861450195,,,3.229667345294729e-05,,,,
E0_baseline,E0_baseline,410,nback,0,4.929633617401123,,,1.9999999494757503e-05,,,,
E0_baseline,E0_baseline,60,nback,1,9.290443420410156,,,0.00019470159895718098,,,,
E0_baseline,E0_baseline,120,nback,1,8.943482398986816,,,0.00017572742945048958,,,,
E0_baseline,E0_baseline,160,nback,1,6.950831413269043,,,0.00015668464766349643,,,,
E0_baseline,E0_baseline,170,nback,1,6.130590438842773,,,0.00015128993254620582,,,,
E0_baseline,E0_baseline,180,nback,1,7.746346473693848,,,0.00014568444748874754,,,,
E0_baseline,E0_baseline,220,nback,1,6.301973342895508,,,0.0001216265736729838,,,,
E0_baseline,E0_baseline,270,nback,1,5.4771623611450195,,,8.975972014013678e-05,,,,
E0_baseline,E0_baseline,280,nback,1,5.287978172302246,,,8.340741624124348e-05,,,,
E0_baseline,E0_baseline,320,nback,1,4.955355167388916,,,5.893623529118486e-05,,,,
E0_baseline,E0_baseline,330,nback,1,5.056856155395508,,,5.3178689995547757e-05,,,,
E0_baseline,E0_baseline,340,nback,1,4.993006229400635,,,4.7613546485081315e-05,,,,
E0_baseline,E0_baseline,360,nback,1,5.0028910636901855,,,3.715103957802057e-05,,,,
E0_baseline,E0_baseline,370,nback,1,5.2838029861450195,,,3.229667345294729e-05,,,,
E0_baseline,E0_baseline,410,nback,1,4.929633617401123,,,1.9999999494757503e-05,,,,
E0_baseline,E0_baseline,10,repeat,0,16.769893646240234,,,0.00019999794312752783,,,,
E0_baseline,E0_baseline,30,repeat,0,10.200620651245117,,,0.00019909498223569244,,,,
E0_baseline,E0_baseline,40,repeat,0,10.20178508758545,,,0.00019803133909590542,,,,
E0_baseline,E0_baseline,460,repeat,0,4.991478443145752,,,1.9999999494757503e-05,,,,
E0_baseline,E0_baseline,490,repeat,0,4.859805583953857,,,1.9999999494757503e-05,,,,
E0_baseline,E0_baseline,10,repeat,1,16.769893646240234,,,0.00019999794312752783,,,,
E0_baseline,E0_baseline,30,repeat,1,10.200620651245117,,,0.00019909498223569244,,,,
E0_baseline,E0_baseline,40,repeat,1,10.20178508758545,,,0.00019803133909590542,,,,
E0_baseline,E0_baseline,460,repeat,1,4.991478443145752,,,1.9999999494757503e-05,,,,
E0_baseline,E0_baseline,490,repeat,1,4.859805583953857,,,1.9999999494757503e-05,,,,
E1_memory_lean,E1_memory_lean,10,copy,0,15.599255561828613,,,0.00019999794312752783,,,,
E1_memory_lean,E1_memory_lean,30,copy,0,12.456596374511719,,,0.00019909498223569244,,,,
E1_memory_lean,E1_memory_lean,150,copy,0,6.39565372467041,,,0.0001618464448256418,,,,
E1_memory_lean,E1_memory_lean,200,copy,0,5.979653835296631,,,0.00013393411063589156,,,,
E1_memory_lean,E1_memory_lean,220,copy,0,6.040538787841797,,,0.0001216265736729838,,,,
E1_memory_lean,E1_memory_lean,330,copy,0,5.493294715881348,,,5.3178689995547757e-05,,,,
E1_memory_lean,E1_memory_lean,350,copy,0,5.502429962158203,,,4.22636658186093e-05,,,,
E1_memory_lean,E1_memory_lean,400,copy,0,5.39280891418457,,,1.9999999494757503e-05,,,,
E1_memory_lean,E1_memory_lean,440,copy,0,5.425196647644043,,,1.9999999494757503e-05,,,,
E1_memory_lean,E1_memory_lean,450,copy,0,5.376453399658203,,,1.9999999494757503e-05,,,,
E1_memory_lean,E1_memory_lean,470,copy,0,5.371708869934082,,,1.9999999494757503e-05,,,,
E1_memory_lean,E1_memory_lean,10,copy,1,15.599255561828613,,,0.00019999794312752783,,,,
E1_memory_lean,E1_memory_lean,30,copy,1,12.456596374511719,,,0.00019909498223569244,,,,
E1_memory_lean,E1_memory_lean,150,copy,1,6.39565372467041,,,0.0001618464448256418,,,,
E1_memory_lean,E1_memory_lean,200,copy,1,5.979653835296631,,,0.00013393411063589156,,,,
E1_memory_lean,E1_memory_lean,220,copy,1,6.040538787841797,,,0.0001216265736729838,,,,
E1_memory_lean,E1_memory_lean,330,copy,1,5.493294715881348,,,5.3178689995547757e-05,,,,
E1_memory_lean,E1_memory_lean,350,copy,1,5.502429962158203,,,4.22636658186093e-05,,,,
E1_memory_lean,E1_memory_lean,400,copy,1,5.39280891418457,,,1.9999999494757503e-05,,,,
E1_memory_lean,E1_memory_lean,440,copy,1,5.425196647644043,,,1.9999999494757503e-05,,,,
E1_memory_lean,E1_memory_lean,450,copy,1,5.376453399658203,,,1.9999999494757503e-05,,,,
E1_memory_lean,E1_memory_lean,470,copy,1,5.371708869934082,,,1.9999999494757503e-05,,,,
E1_memory_lean,E1_memory_lean,50,hf,0,7.02678108215332,,,0.00019656486983876675,,,,
E1_memory_lean,E1_memory_lean,70,hf,0,4.044958114624023,,,0.00019244916620664299,,,,
E1_memory_lean,E1_memory_lean,80,hf,0,3.5465550422668457,,,0.00018981685570906848,,,,
E1_memory_lean,E1_memory_lean,130,hf,0,2.1437065601348877,,,0.000171387437148951,,,,
E1_memory_lean,E1_memory_lean,140,hf,0,2.741763114929199,,,0.00016675409278832376,,,,
E1_memory_lean,E1_memory_lean,170,hf,0,2.155086040496826,,,0.00015128993254620582,,,,
E1_memory_lean,E1_memory_lean,180,hf,0,2.103379249572754,,,0.00014568444748874754,,,,
E1_memory_lean,E1_memory_lean,190,hf,0,2.286301374435425,,,0.00013989124272484332,,,,
E1_memory_lean,E1_memory_lean,250,hf,0,2.159186363220215,,,0.00010256428504362702,,,,
E1_memory_lean,E1_memory_lean,260,hf,0,1.795816421508789,,,9.61541009019129e-05,,,,
E1_memory_lean,E1_memory_lean,270,hf,0,1.8240365982055664,,,8.975972014013678e-05,,,,
E1_memory_lean,E1_memory_lean,360,hf,0,0.9063635468482971,,,3.715103957802057e-05,,,,
E1_memory_lean,E1_memory_lean,390,hf,0,1.3222700357437134,,,2.3441365556209348e-05,,,,
E1_memory_lean,E1_memory_lean,410,hf,0,1.6240320205688477,,,1.9999999494757503e-05,,,,
E1_memory_lean,E1_memory_lean,420,hf,0,1.0007007122039795,,,1.9999999494757503e-05,,,,
E1_memory_lean,E1_memory_lean,430,hf,0,1.609958529472351,,,1.9999999494757503e-05,,,,
E1_memory_lean,E1_memory_lean,460,hf,0,1.5676846504211426,,,1.9999999494757503e-05,,,,
E1_memory_lean,E1_memory_lean,480,hf,0,1.40352463722229,,,1.9999999494757503e-05,,,,
E1_memory_lean,E1_memory_lean,500,hf,0,1.0322728157043457,,,1.9999999494757503e-05,,,,
E1_memory_lean,E1_memory_lean,50,hf,1,7.02678108215332,,,0.00019656486983876675,,,,
E1_memory_lean,E1_memory_lean,70,hf,1,4.044958114624023,,,0.00019244916620664299,,,,
E1_memory_lean,E1_memory_lean,80,hf,1,3.5465550422668457,,,0.00018981685570906848,,,,
E1_memory_lean,E1_memory_lean,130,hf,1,2.1437065601348877,,,0.000171387437148951,,,,
E1_memory_lean,E1_memory_lean,140,hf,1,2.741763114929199,,,0.00016675409278832376,,,,
E1_memory_lean,E1_memory_lean,170,hf,1,2.155086040496826,,,0.00015128993254620582,,,,
E1_memory_lean,E1_memory_lean,180,hf,1,2.103379249572754,,,0.00014568444748874754,,,,
E1_memory_lean,E1_memory_lean,190,hf,1,2.286301374435425,,,0.00013989124272484332,,,,
E1_memory_lean,E1_memory_lean,250,hf,1,2.159186363220215,,,0.00010256428504362702,,,,
E1_memory_lean,E1_memory_lean,260,hf,1,1.795816421508789,,,9.61541009019129e-05,,,,
E1_memory_lean,E1_memory_lean,270,hf,1,1.8240365982055664,,,8.975972014013678e-05,,,,
E1_memory_lean,E1_memory_lean,360,hf,1,0.9063635468482971,,,3.715103957802057e-05,,,,
E1_memory_lean,E1_memory_lean,390,hf,1,1.3222700357437134,,,2.3441365556209348e-05,,,,
E1_memory_lean,E1_memory_lean,410,hf,1,1.6240320205688477,,,1.9999999494757503e-05,,,,
E1_memory_lean,E1_memory_lean,420,hf,1,1.0007007122039795,,,1.9999999494757503e-05,,,,
E1_memory_lean,E1_memory_lean,430,hf,1,1.609958529472351,,,1.9999999494757503e-05,,,,
E1_memory_lean,E1_memory_lean,460,hf,1,1.5676846504211426,,,1.9999999494757503e-05,,,,
E1_memory_lean,E1_memory_lean,480,hf,1,1.40352463722229,,,1.9999999494757503e-05,,,,
E1_memory_lean,E1_memory_lean,500,hf,1,1.0322728157043457,,,1.9999999494757503e-05,,,,
E1_memory_lean,E1_memory_lean,20,nback,0,22.818037033081055,,,0.00019975140457972884,,,,
E1_memory_lean,E1_memory_lean,40,nback,0,14.700285911560059,,,0.00019803133909590542,,,,
E1_memory_lean,E1_memory_lean,60,nback,0,16.731199264526367,,,0.00019470159895718098,,,,
E1_memory_lean,E1_memory_lean,100,nback,0,8.47080135345459,,,0.00018345731950830668,,,,
E1_memory_lean,E1_memory_lean,210,nback,0,5.807901859283447,,,0.00012783754209522158,,,,
E1_memory_lean,E1_memory_lean,290,nback,0,5.274283409118652,,,7.712330261711031e-05,,,,
E1_memory_lean,E1_memory_lean,340,nback,0,4.996739864349365,,,4.7613546485081315e-05,,,,
E1_memory_lean,E1_memory_lean,380,nback,0,4.924197196960449,,,2.772051448118873e-05,,,,
E1_memory_lean,E1_memory_lean,20,nback,1,22.818037033081055,,,0.00019975140457972884,,,,
E1_memory_lean,E1_memory_lean,40,nback,1,14.700285911560059,,,0.00019803133909590542,,,,
E1_memory_lean,E1_memory_lean,60,nback,1,16.731199264526367,,,0.00019470159895718098,,,,
E1_memory_lean,E1_memory_lean,100,nback,1,8.47080135345459,,,0.00018345731950830668,,,,
E1_memory_lean,E1_memory_lean,210,nback,1,5.807901859283447,,,0.00012783754209522158,,,,
E1_memory_lean,E1_memory_lean,290,nback,1,5.274283409118652,,,7.712330261711031e-05,,,,
E1_memory_lean,E1_memory_lean,340,nback,1,4.996739864349365,,,4.7613546485081315e-05,,,,
E1_memory_lean,E1_memory_lean,380,nback,1,4.924197196960449,,,2.772051448118873e-05,,,,
E1_memory_lean,E1_memory_lean,90,repeat,0,16.52304458618164,,,0.0001868154649855569,,,,
E1_memory_lean,E1_memory_lean,110,repeat,0,8.218473434448242,,,0.00017975624359678477,,,,
E1_memory_lean,E1_memory_lean,120,repeat,0,7.681594371795654,,,0.00017572742945048958,,,,
E1_memory_lean,E1_memory_lean,160,repeat,0,5.941919326782227,,,0.00015668464766349643,,,,
E1_memory_lean,E1_memory_lean,230,repeat,0,6.325657844543457,,,0.00011532674398040399,,,,
E1_memory_lean,E1_memory_lean,240,repeat,0,5.4212212562561035,,,0.00010896393359871581,,,,
E1_memory_lean,E1_memory_lean,280,repeat,0,5.263221263885498,,,8.340741624124348e-05,,,,
E1_memory_lean,E1_memory_lean,300,repeat,0,5.111983776092529,,,7.093318708939478e-05,,,,
E1_memory_lean,E1_memory_lean,310,repeat,0,5.117260932922363,,,6.48625209578313e-05,,,,
E1_memory_lean,E1_memory_lean,320,repeat,0,5.077809810638428,,,5.893623529118486e-05,,,,
E1_memory_lean,E1_memory_lean,370,repeat,0,4.899608135223389,,,3.229667345294729e-05,,,,
E1_memory_lean,E1_memory_lean,490,repeat,0,4.916430473327637,,,1.9999999494757503e-05,,,,
E1_memory_lean,E1_memory_lean,90,repeat,1,16.52304458618164,,,0.0001868154649855569,,,,
E1_memory_lean,E1_memory_lean,110,repeat,1,8.218473434448242,,,0.00017975624359678477,,,,
E1_memory_lean,E1_memory_lean,120,repeat,1,7.681594371795654,,,0.00017572742945048958,,,,
E1_memory_lean,E1_memory_lean,160,repeat,1,5.941919326782227,,,0.00015668464766349643,,,,
E1_memory_lean,E1_memory_lean,230,repeat,1,6.325657844543457,,,0.00011532674398040399,,,,
E1_memory_lean,E1_memory_lean,240,repeat,1,5.4212212562561035,,,0.00010896393359871581,,,,
E1_memory_lean,E1_memory_lean,280,repeat,1,5.263221263885498,,,8.340741624124348e-05,,,,
E1_memory_lean,E1_memory_lean,300,repeat,1,5.111983776092529,,,7.093318708939478e-05,,,,
E1_memory_lean,E1_memory_lean,310,repeat,1,5.117260932922363,,,6.48625209578313e-05,,,,
E1_memory_lean,E1_memory_lean,320,repeat,1,5.077809810638428,,,5.893623529118486e-05,,,,
E1_memory_lean,E1_memory_lean,370,repeat,1,4.899608135223389,,,3.229667345294729e-05,,,,
E1_memory_lean,E1_memory_lean,490,repeat,1,4.916430473327637,,,1.9999999494757503e-05,,,,
E2_gate_reg_low,E2_gate_reg_low,40,copy,0,10.14945125579834,,,0.00019803133909590542,,,,
E2_gate_reg_low,E2_gate_reg_low,100,copy,0,7.526615619659424,,,0.00018345731950830668,,,,
E2_gate_reg_low,E2_gate_reg_low,110,copy,0,7.459654331207275,,,0.00017975624359678477,,,,
E2_gate_reg_low,E2_gate_reg_low,130,copy,0,6.632287502288818,,,0.000171387437148951,,,,
E2_gate_reg_low,E2_gate_reg_low,290,copy,0,5.653916358947754,,,7.712330261711031e-05,,,,
E2_gate_reg_low,E2_gate_reg_low,410,copy,0,5.42486572265625,,,1.9999999494757503e-05,,,,
E2_gate_reg_low,E2_gate_reg_low,40,copy,1,10.14945125579834,,,0.00019803133909590542,,,,
E2_gate_reg_low,E2_gate_reg_low,100,copy,1,7.526615619659424,,,0.00018345731950830668,,,,
E2_gate_reg_low,E2_gate_reg_low,110,copy,1,7.459654331207275,,,0.00017975624359678477,,,,
E2_gate_reg_low,E2_gate_reg_low,130,copy,1,6.632287502288818,,,0.000171387437148951,,,,
E2_gate_reg_low,E2_gate_reg_low,290,copy,1,5.653916358947754,,,7.712330261711031e-05,,,,
E2_gate_reg_low,E2_gate_reg_low,410,copy,1,5.42486572265625,,,1.9999999494757503e-05,,,,
E2_gate_reg_low,E2_gate_reg_low,20,hf,0,9.64916706085205,,,0.00019975140457972884,,,,
E2_gate_reg_low,E2_gate_reg_low,50,hf,0,15.44520378112793,,,0.00019656486983876675,,,,
E2_gate_reg_low,E2_gate_reg_low,60,hf,0,7.04077672958374,,,0.00019470159895718098,,,,
E2_gate_reg_low,E2_gate_reg_low,70,hf,0,6.324675559997559,,,0.00019244916620664299,,,,
E2_gate_reg_low,E2_gate_reg_low,90,hf,0,4.544421195983887,,,0.0001868154649855569,,,,
E2_gate_reg_low,E2_gate_reg_low,140,hf,0,5.220510482788086,,,0.00016675409278832376,,,,
E2_gate_reg_low,E2_gate_reg_low,150,hf,0,2.111470937728882,,,0.0001618464448256418,,,,
E2_gate_reg_low,E2_gate_reg_low,160,hf,0,4.489147186279297,,,0.00015668464766349643,,,,
E2_gate_reg_low,E2_gate_reg_low,190,hf,0,1.7169806957244873,,,0.00013989124272484332,,,,
E2_gate_reg_low,E2_gate_reg_low,210,hf,0,2.064512252807617,,,0.00012783754209522158,,,,
E2_gate_reg_low,E2_gate_reg_low,230,hf,0,2.4020185470581055,,,0.00011532674398040399,,,,
E2_gate_reg_low,E2_gate_reg_low,240,hf,0,1.9344501495361328,,,0.00010896393359871581,,,,
E2_gate_reg_low,E2_gate_reg_low,260,hf,0,1.7290980815887451,,,9.61541009019129e-05,,,,
E2_gate_reg_low,E2_gate_reg_low,280,hf,0,1.3966127634048462,,,8.340741624124348e-05,,,,
E2_gate_reg_low,E2_gate_reg_low,330,hf,0,1.7984634637832642,,,5.3178689995547757e-05,,,,
E2_gate_reg_low,E2_gate_reg_low,370,hf,0,1.6262938976287842,,,3.229667345294729e-05,,,,
E2_gate_reg_low,E2_gate_reg_low,390,hf,0,1.6142686605453491,,,2.3441365556209348e-05,,,,
E2_gate_reg_low,E2_gate_reg_low,420,hf,0,1.2537606954574585,,,1.9999999494757503e-05,,,,
E2_gate_reg_low,E2_gate_reg_low,430,hf,0,1.1602195501327515,,,1.9999999494757503e-05,,,,
E2_gate_reg_low,E2_gate_reg_low,440,hf,0,1.394962191581726,,,1.9999999494757503e-05,,,,
E2_gate_reg_low,E2_gate_reg_low,450,hf,0,0.9119137525558472,,,1.9999999494757503e-05,,,,
E2_gate_reg_low,E2_gate_reg_low,480,hf,0,1.0613032579421997,,,1.9999999494757503e-05,,,,
E2_gate_reg_low,E2_gate_reg_low,500,hf,0,1.4897505044937134,,,1.9999999494757503e-05,,,,
E2_gate_reg_low,E2_gate_reg_low,20,hf,1,9.64916706085205,,,0.00019975140457972884,,,,
E2_gate_reg_low,E2_gate_reg_low,50,hf,1,15.44520378112793,,,0.00019656486983876675,,,,
E2_gate_reg_low,E2_gate_reg_low,60,hf,1,7.04077672958374,,,0.00019470159895718098,,,,
E2_gate_reg_low,E2_gate_reg_low,70,hf,1,6.324675559997559,,,0.00019244916620664299,,,,
E2_gate_reg_low,E2_gate_reg_low,90,hf,1,4.544421195983887,,,0.0001868154649855569,,,,
E2_gate_reg_low,E2_gate_reg_low,140,hf,1,5.220510482788086,,,0.00016675409278832376,,,,
E2_gate_reg_low,E2_gate_reg_low,150,hf,1,2.111470937728882,,,0.0001618464448256418,,,,
E2_gate_reg_low,E2_gate_reg_low,160,hf,1,4.489147186279297,,,0.00015668464766349643,,,,
E2_gate_reg_low,E2_gate_reg_low,190,hf,1,1.7169806957244873,,,0.00013989124272484332,,,,
E2_gate_reg_low,E2_gate_reg_low,210,hf,1,2.064512252807617,,,0.00012783754209522158,,,,
E2_gate_reg_low,E2_gate_reg_low,230,hf,1,2.4020185470581055,,,0.00011532674398040399,,,,
E2_gate_reg_low,E2_gate_reg_low,240,hf,1,1.9344501495361328,,,0.00010896393359871581,,,,
E2_gate_reg_low,E2_gate_reg_low,260,hf,1,1.7290980815887451,,,9.61541009019129e-05,,,,
E2_gate_reg_low,E2_gate_reg_low,280,hf,1,1.3966127634048462,,,8.340741624124348e-05,,,,
E2_gate_reg_low,E2_gate_reg_low,330,hf,1,1.7984634637832642,,,5.3178689995547757e-05,,,,
E2_gate_reg_low,E2_gate_reg_low,370,hf,1,1.6262938976287842,,,3.229667345294729e-05,,,,
E2_gate_reg_low,E2_gate_reg_low,390,hf,1,1.6142686605453491,,,2.3441365556209348e-05,,,,
E2_gate_reg_low,E2_gate_reg_low,420,hf,1,1.2537606954574585,,,1.9999999494757503e-05,,,,
E2_gate_reg_low,E2_gate_reg_low,430,hf,1,1.1602195501327515,,,1.9999999494757503e-05,,,,
E2_gate_reg_low,E2_gate_reg_low,440,hf,1,1.394962191581726,,,1.9999999494757503e-05,,,,
E2_gate_reg_low,E2_gate_reg_low,450,hf,1,0.9119137525558472,,,1.9999999494757503e-05,,,,
E2_gate_reg_low,E2_gate_reg_low,480,hf,1,1.0613032579421997,,,1.9999999494757503e-05,,,,
E2_gate_reg_low,E2_gate_reg_low,500,hf,1,1.4897505044937134,,,1.9999999494757503e-05,,,,
E2_gate_reg_low,E2_gate_reg_low,10,nback,0,34.13627624511719,,,0.00019999794312752783,,,,
E2_gate_reg_low,E2_gate_reg_low,180,nback,0,6.390022277832031,,,0.00014568444748874754,,,,
E2_gate_reg_low,E2_gate_reg_low,200,nback,0,5.828837871551514,,,0.00013393411063589156,,,,
E2_gate_reg_low,E2_gate_reg_low,270,nback,0,6.671348571777344,,,8.975972014013678e-05,,,,
E2_gate_reg_low,E2_gate_reg_low,300,nback,0,5.530683994293213,,,7.093318708939478e-05,,,,
E2_gate_reg_low,E2_gate_reg_low,340,nback,0,5.01074743270874,,,4.7613546485081315e-05,,,,
E2_gate_reg_low,E2_gate_reg_low,360,nback,0,4.942813396453857,,,3.715103957802057e-05,,,,
E2_gate_reg_low,E2_gate_reg_low,400,nback,0,4.879634857177734,,,1.9999999494757503e-05,,,,
E2_gate_reg_low,E2_gate_reg_low,460,nback,0,4.873754024505615,,,1.9999999494757503e-05,,,,
E2_gate_reg_low,E2_gate_reg_low,470,nback,0,4.826638221740723,,,1.9999999494757503e-05,,,,
E2_gate_reg_low,E2_gate_reg_low,490,nback,0,4.869121074676514,,,1.9999999494757503e-05,,,,
E2_gate_reg_low,E2_gate_reg_low,10,nback,1,34.13627624511719,,,0.00019999794312752783,,,,
E2_gate_reg_low,E2_gate_reg_low,180,nback,1,6.390022277832031,,,0.00014568444748874754,,,,
E2_gate_reg_low,E2_gate_reg_low,200,nback,1,5.828837871551514,,,0.00013393411063589156,,,,
E2_gate_reg_low,E2_gate_reg_low,270,nback,1,6.671348571777344,,,8.975972014013678e-05,,,,
E2_gate_reg_low,E2_gate_reg_low,300,nback,1,5.530683994293213,,,7.093318708939478e-05,,,,
E2_gate_reg_low,E2_gate_reg_low,340,nback,1,5.01074743270874,,,4.7613546485081315e-05,,,,
E2_gate_reg_low,E2_gate_reg_low,360,nback,1,4.942813396453857,,,3.715103957802057e-05,,,,
E2_gate_reg_low,E2_gate_reg_low,400,nback,1,4.879634857177734,,,1.9999999494757503e-05,,,,
E2_gate_reg_low,E2_gate_reg_low,460,nback,1,4.873754024505615,,,1.9999999494757503e-05,,,,
E2_gate_reg_low,E2_gate_reg_low,470,nback,1,4.826638221740723,,,1.9999999494757503e-05,,,,
E2_gate_reg_low,E2_gate_reg_low,490,nback,1,4.869121074676514,,,1.9999999494757503e-05,,,,
E2_gate_reg_low,E2_gate_reg_low,30,repeat,0,8.485600471496582,,,0.00019909498223569244,,,,
E2_gate_reg_low,E2_gate_reg_low,80,repeat,0,9.68295669555664,,,0.00018981685570906848,,,,
E2_gate_reg_low,E2_gate_reg_low,120,repeat,0,7.843664169311523,,,0.00017572742945048958,,,,
E2_gate_reg_low,E2_gate_reg_low,170,repeat,0,5.850437641143799,,,0.00015128993254620582,,,,
E2_gate_reg_low,E2_gate_reg_low,220,repeat,0,5.507124900817871,,,0.0001216265736729838,,,,
E2_gate_reg_low,E2_gate_reg_low,250,repeat,0,5.27802038192749,,,0.00010256428504362702,,,,
E2_gate_reg_low,E2_gate_reg_low,310,repeat,0,5.1508073806762695,,,6.48625209578313e-05,,,,
E2_gate_reg_low,E2_gate_reg_low,320,repeat,0,4.994616985321045,,,5.893623529118486e-05,,,,
E2_gate_reg_low,E2_gate_reg_low,350,repeat,0,4.91633415222168,,,4.22636658186093e-05,,,,
E2_gate_reg_low,E2_gate_reg_low,380,repeat,0,5.074136257171631,,,2.772051448118873e-05,,,,
E2_gate_reg_low,E2_gate_reg_low,30,repeat,1,8.485600471496582,,,0.00019909498223569244,,,,
E2_gate_reg_low,E2_gate_reg_low,80,repeat,1,9.68295669555664,,,0.00018981685570906848,,,,
E2_gate_reg_low,E2_gate_reg_low,120,repeat,1,7.843664169311523,,,0.00017572742945048958,,,,
E2_gate_reg_low,E2_gate_reg_low,170,repeat,1,5.850437641143799,,,0.00015128993254620582,,,,
E2_gate_reg_low,E2_gate_reg_low,220,repeat,1,5.507124900817871,,,0.0001216265736729838,,,,
E2_gate_reg_low,E2_gate_reg_low,250,repeat,1,5.27802038192749,,,0.00010256428504362702,,,,
E2_gate_reg_low,E2_gate_reg_low,310,repeat,1,5.1508073806762695,,,6.48625209578313e-05,,,,
E2_gate_reg_low,E2_gate_reg_low,320,repeat,1,4.994616985321045,,,5.893623529118486e-05,,,,
E2_gate_reg_low,E2_gate_reg_low,350,repeat,1,4.91633415222168,,,4.22636658186093e-05,,,,
E2_gate_reg_low,E2_gate_reg_low,380,repeat,1,5.074136257171631,,,2.772051448118873e-05,,,,
E3_gate_reg_high,E3_gate_reg_high,10,copy,0,15.55946159362793,,,0.00019999794312752783,,,,
E3_gate_reg_high,E3_gate_reg_high,50,copy,0,9.933687210083008,,,0.00019656486983876675,,,,
E3_gate_reg_high,E3_gate_reg_high,90,copy,0,12.317127227783203,,,0.0001868154649855569,,,,
E3_gate_reg_high,E3_gate_reg_high,120,copy,0,7.153816223144531,,,0.00017572742945048958,,,,
E3_gate_reg_high,E3_gate_reg_high,180,copy,0,6.514950275421143,,,0.00014568444748874754,,,,
E3_gate_reg_high,E3_gate_reg_high,220,copy,0,6.527946472167969,,,0.0001216265736729838,,,,
E3_gate_reg_high,E3_gate_reg_high,230,copy,0,5.789356708526611,,,0.00011532674398040399,,,,
E3_gate_reg_high,E3_gate_reg_high,240,copy,0,5.773644924163818,,,0.00010896393359871581,,,,
E3_gate_reg_high,E3_gate_reg_high,300,copy,0,5.5630998611450195,,,7.093318708939478e-05,,,,
E3_gate_reg_high,E3_gate_reg_high,310,copy,0,5.587294578552246,,,6.48625209578313e-05,,,,
E3_gate_reg_high,E3_gate_reg_high,320,copy,0,5.4643402099609375,,,5.893623529118486e-05,,,,
E3_gate_reg_high,E3_gate_reg_high,380,copy,0,5.443912982940674,,,2.772051448118873e-05,,,,
E3_gate_reg_high,E3_gate_reg_high,460,copy,0,5.387699127197266,,,1.9999999494757503e-05,,,,
E3_gate_reg_high,E3_gate_reg_high,10,copy,1,15.55946159362793,,,0.00019999794312752783,,,,
E3_gate_reg_high,E3_gate_reg_high,50,copy,1,9.933687210083008,,,0.00019656486983876675,,,,
E3_gate_reg_high,E3_gate_reg_high,90,copy,1,12.317127227783203,,,0.0001868154649855569,,,,
E3_gate_reg_high,E3_gate_reg_high,120,copy,1,7.153816223144531,,,0.00017572742945048958,,,,
E3_gate_reg_high,E3_gate_reg_high,180,copy,1,6.514950275421143,,,0.00014568444748874754,,,,
E3_gate_reg_high,E3_gate_reg_high,220,copy,1,6.527946472167969,,,0.0001216265736729838,,,,
E3_gate_reg_high,E3_gate_reg_high,230,copy,1,5.789356708526611,,,0.00011532674398040399,,,,
E3_gate_reg_high,E3_gate_reg_high,240,copy,1,5.773644924163818,,,0.00010896393359871581,,,,
E3_gate_reg_high,E3_gate_reg_high,300,copy,1,5.5630998611450195,,,7.093318708939478e-05,,,,
E3_gate_reg_high,E3_gate_reg_high,310,copy,1,5.587294578552246,,,6.48625209578313e-05,,,,
E3_gate_reg_high,E3_gate_reg_high,320,copy,1,5.4643402099609375,,,5.893623529118486e-05,,,,
E3_gate_reg_high,E3_gate_reg_high,380,copy,1,5.443912982940674,,,2.772051448118873e-05,,,,
E3_gate_reg_high,E3_gate_reg_high,460,copy,1,5.387699127197266,,,1.9999999494757503e-05,,,,
E3_gate_reg_high,E3_gate_reg_high,20,hf,0,7.335585594177246,,,0.00019975140457972884,,,,
E3_gate_reg_high,E3_gate_reg_high,30,hf,0,3.410391092300415,,,0.00019909498223569244,,,,
E3_gate_reg_high,E3_gate_reg_high,60,hf,0,4.663412570953369,,,0.00019470159895718098,,,,
E3_gate_reg_high,E3_gate_reg_high,130,hf,0,1.775822639465332,,,0.000171387437148951,,,,
E3_gate_reg_high,E3_gate_reg_high,170,hf,0,2.3558828830718994,,,0.00015128993254620582,,,,
E3_gate_reg_high,E3_gate_reg_high,260,hf,0,1.9957009553909302,,,9.61541009019129e-05,,,,
E3_gate_reg_high,E3_gate_reg_high,270,hf,0,1.8485219478607178,,,8.975972014013678e-05,,,,
E3_gate_reg_high,E3_gate_reg_high,280,hf,0,1.5724297761917114,,,8.340741624124348e-05,,,,
E3_gate_reg_high,E3_gate_reg_high,290,hf,0,1.6972804069519043,,,7.712330261711031e-05,,,,
E3_gate_reg_high,E3_gate_reg_high,330,hf,0,1.5746843814849854,,,5.3178689995547757e-05,,,,
E3_gate_reg_high,E3_gate_reg_high,340,hf,0,2.1419734954833984,,,4.7613546485081315e-05,,,,
E3_gate_reg_high,E3_gate_reg_high,390,hf,0,1.863703966140747,,,2.3441365556209348e-05,,,,
E3_gate_reg_high,E3_gate_reg_high,400,hf,0,1.823060393333435,,,1.9999999494757503e-05,,,,
E3_gate_reg_high,E3_gate_reg_high,470,hf,0,1.5628565549850464,,,1.9999999494757503e-05,,,,
E3_gate_reg_high,E3_gate_reg_high,480,hf,0,1.2784143686294556,,,1.9999999494757503e-05,,,,
E3_gate_reg_high,E3_gate_reg_high,500,hf,0,1.1201270818710327,,,1.9999999494757503e-05,,,,
E3_gate_reg_high,E3_gate_reg_high,20,hf,1,7.335585594177246,,,0.00019975140457972884,,,,
E3_gate_reg_high,E3_gate_reg_high,30,hf,1,3.410391092300415,,,0.00019909498223569244,,,,
E3_gate_reg_high,E3_gate_reg_high,60,hf,1,4.663412570953369,,,0.00019470159895718098,,,,
E3_gate_reg_high,E3_gate_reg_high,130,hf,1,1.775822639465332,,,0.000171387437148951,,,,
E3_gate_reg_high,E3_gate_reg_high,170,hf,1,2.3558828830718994,,,0.00015128993254620582,,,,
E3_gate_reg_high,E3_gate_reg_high,260,hf,1,1.9957009553909302,,,9.61541009019129e-05,,,,
E3_gate_reg_high,E3_gate_reg_high,270,hf,1,1.8485219478607178,,,8.975972014013678e-05,,,,
E3_gate_reg_high,E3_gate_reg_high,280,hf,1,1.5724297761917114,,,8.340741624124348e-05,,,,
E3_gate_reg_high,E3_gate_reg_high,290,hf,1,1.6972804069519043,,,7.712330261711031e-05,,,,
E3_gate_reg_high,E3_gate_reg_high,330,hf,1,1.5746843814849854,,,5.3178689995547757e-05,,,,
E3_gate_reg_high,E3_gate_reg_high,340,hf,1,2.1419734954833984,,,4.7613546485081315e-05,,,,
E3_gate_reg_high,E3_gate_reg_high,390,hf,1,1.863703966140747,,,2.3441365556209348e-05,,,,
E3_gate_reg_high,E3_gate_reg_high,400,hf,1,1.823060393333435,,,1.9999999494757503e-05,,,,
E3_gate_reg_high,E3_gate_reg_high,470,hf,1,1.5628565549850464,,,1.9999999494757503e-05,,,,
E3_gate_reg_high,E3_gate_reg_high,480,hf,1,1.2784143686294556,,,1.9999999494757503e-05,,,,
E3_gate_reg_high,E3_gate_reg_high,500,hf,1,1.1201270818710327,,,1.9999999494757503e-05,,,,
E3_gate_reg_high,E3_gate_reg_high,100,nback,0,9.62847900390625,,,0.00018345731950830668,,,,
E3_gate_reg_high,E3_gate_reg_high,160,nback,0,8.089118957519531,,,0.00015668464766349643,,,,
E3_gate_reg_high,E3_gate_reg_high,250,nback,0,5.562409400939941,,,0.00010256428504362702,,,,
E3_gate_reg_high,E3_gate_reg_high,410,nback,0,4.974236011505127,,,1.9999999494757503e-05,,,,
E3_gate_reg_high,E3_gate_reg_high,440,nback,0,4.855141639709473,,,1.9999999494757503e-05,,,,
E3_gate_reg_high,E3_gate_reg_high,490,nback,0,4.773906230926514,,,1.9999999494757503e-05,,,,
E3_gate_reg_high,E3_gate_reg_high,100,nback,1,9.62847900390625,,,0.00018345731950830668,,,,
E3_gate_reg_high,E3_gate_reg_high,160,nback,1,8.089118957519531,,,0.00015668464766349643,,,,
E3_gate_reg_high,E3_gate_reg_high,250,nback,1,5.562409400939941,,,0.00010256428504362702,,,,
E3_gate_reg_high,E3_gate_reg_high,410,nback,1,4.974236011505127,,,1.9999999494757503e-05,,,,
E3_gate_reg_high,E3_gate_reg_high,440,nback,1,4.855141639709473,,,1.9999999494757503e-05,,,,
E3_gate_reg_high,E3_gate_reg_high,490,nback,1,4.773906230926514,,,1.9999999494757503e-05,,,,
E3_gate_reg_high,E3_gate_reg_high,40,repeat,0,8.742606163024902,,,0.00019803133909590542,,,,
E3_gate_reg_high,E3_gate_reg_high,70,repeat,0,10.962546348571777,,,0.00019244916620664299,,,,
E3_gate_reg_high,E3_gate_reg_high,80,repeat,0,10.45223617553711,,,0.00018981685570906848,,,,
E3_gate_reg_high,E3_gate_reg_high,110,repeat,0,7.912343978881836,,,0.00017975624359678477,,,,
E3_gate_reg_high,E3_gate_reg_high,140,repeat,0,6.013562202453613,,,0.00016675409278832376,,,,
E3_gate_reg_high,E3_gate_reg_high,150,repeat,0,7.2405571937561035,,,0.0001618464448256418,,,,
E3_gate_reg_high,E3_gate_reg_high,190,repeat,0,6.070788860321045,,,0.00013989124272484332,,,,
E3_gate_reg_high,E3_gate_reg_high,200,repeat,0,5.776360511779785,,,0.00013393411063589156,,,,
E3_gate_reg_high,E3_gate_reg_high,210,repeat,0,5.459453582763672,,,0.00012783754209522158,,,,
E3_gate_reg_high,E3_gate_reg_high,350,repeat,0,4.909266471862793,,,4.22636658186093e-05,,,,
E3_gate_reg_high,E3_gate_reg_high,360,repeat,0,5.119647026062012,,,3.715103957802057e-05,,,,
E3_gate_reg_high,E3_gate_reg_high,370,repeat,0,5.2649970054626465,,,3.229667345294729e-05,,,,
E3_gate_reg_high,E3_gate_reg_high,420,repeat,0,4.98417329788208,,,1.9999999494757503e-05,,,,
E3_gate_reg_high,E3_gate_reg_high,430,repeat,0,4.799900531768799,,,1.9999999494757503e-05,,,,
E3_gate_reg_high,E3_gate_reg_high,450,repeat,0,4.775895118713379,,,1.9999999494757503e-05,,,,
E3_gate_reg_high,E3_gate_reg_high,40,repeat,1,8.742606163024902,,,0.00019803133909590542,,,,
E3_gate_reg_high,E3_gate_reg_high,70,repeat,1,10.962546348571777,,,0.00019244916620664299,,,,
E3_gate_reg_high,E3_gate_reg_high,80,repeat,1,10.45223617553711,,,0.00018981685570906848,,,,
E3_gate_reg_high,E3_gate_reg_high,110,repeat,1,7.912343978881836,,,0.00017975624359678477,,,,
E3_gate_reg_high,E3_gate_reg_high,140,repeat,1,6.013562202453613,,,0.00016675409278832376,,,,
E3_gate_reg_high,E3_gate_reg_high,150,repeat,1,7.2405571937561035,,,0.0001618464448256418,,,,
E3_gate_reg_high,E3_gate_reg_high,190,repeat,1,6.070788860321045,,,0.00013989124272484332,,,,
E3_gate_reg_high,E3_gate_reg_high,200,repeat,1,5.776360511779785,,,0.00013393411063589156,,,,
E3_gate_reg_high,E3_gate_reg_high,210,repeat,1,5.459453582763672,,,0.00012783754209522158,,,,
E3_gate_reg_high,E3_gate_reg_high,350,repeat,1,4.909266471862793,,,4.22636658186093e-05,,,,
E3_gate_reg_high,E3_gate_reg_high,360,repeat,1,5.119647026062012,,,3.715103957802057e-05,,,,
E3_gate_reg_high,E3_gate_reg_high,370,repeat,1,5.2649970054626465,,,3.229667345294729e-05,,,,
E3_gate_reg_high,E3_gate_reg_high,420,repeat,1,4.98417329788208,,,1.9999999494757503e-05,,,,
E3_gate_reg_high,E3_gate_reg_high,430,repeat,1,4.799900531768799,,,1.9999999494757503e-05,,,,
E3_gate_reg_high,E3_gate_reg_high,450,repeat,1,4.775895118713379,,,1.9999999494757503e-05,,,,
E4_gate_temp_0p7,E4_gate_temp_0p7,60,copy,0,11.552204132080078,,,0.00019470159895718098,,,,
E4_gate_temp_0p7,E4_gate_temp_0p7,80,copy,0,9.60604190826416,,,0.00018981685570906848,,,,
E4_gate_temp_0p7,E4_gate_temp_0p7,110,copy,0,7.6819748878479,,,0.00017975624359678477,,,,
E4_gate_temp_0p7,E4_gate_temp_0p7,150,copy,0,7.055525779724121,,,0.0001618464448256418,,,,
E4_gate_temp_0p7,E4_gate_temp_0p7,200,copy,0,6.3304548263549805,,,0.00013393411063589156,,,,
E4_gate_temp_0p7,E4_gate_temp_0p7,300,copy,0,5.476670265197754,,,7.093318708939478e-05,,,,
E4_gate_temp_0p7,E4_gate_temp_0p7,350,copy,0,5.512872219085693,,,4.22636658186093e-05,,,,
E4_gate_temp_0p7,E4_gate_temp_0p7,360,copy,0,5.459692001342773,,,3.715103957802057e-05,,,,
E4_gate_temp_0p7,E4_gate_temp_0p7,410,copy,0,5.441652297973633,,,1.9999999494757503e-05,,,,
E4_gate_temp_0p7,E4_gate_temp_0p7,480,copy,0,5.412463188171387,,,1.9999999494757503e-05,,,,
E4_gate_temp_0p7,E4_gate_temp_0p7,60,copy,1,11.552204132080078,,,0.00019470159895718098,,,,
E4_gate_temp_0p7,E4_gate_temp_0p7,80,copy,1,9.60604190826416,,,0.00018981685570906848,,,,
E4_gate_temp_0p7,E4_gate_temp_0p7,110,copy,1,7.6819748878479,,,0.00017975624359678477,,,,
E4_gate_temp_0p7,E4_gate_temp_0p7,150,copy,1,7.055525779724121,,,0.0001618464448256418,,,,
E4_gate_temp_0p7,E4_gate_temp_0p7,200,copy,1,6.3304548263549805,,,0.00013393411063589156,,,,
E4_gate_temp_0p7,E4_gate_temp_0p7,300,copy,1,5.476670265197754,,,7.093318708939478e-05,,,,
E4_gate_temp_0p7,E4_gate_temp_0p7,350,copy,1,5.512872219085693,,,4.22636658186093e-05,,,,
E4_gate_temp_0p7,E4_gate_temp_0p7,360,copy,1,5.459692001342773,,,3.715103957802057e-05,,,,
E4_gate_temp_0p7,E4_gate_temp_0p7,410,copy,1,5.441652297973633,,,1.9999999494757503e-05,,,,
E4_gate_temp_0p7,E4_gate_temp_0p7,480,copy,1,5.412463188171387,,,1.9999999494757503e-05,,,,
E4_gate_temp_0p7,E4_gate_temp_0p7,10,hf,0,9.925381660461426,,,0.00019999794312752783,,,,
E4_gate_temp_0p7,E4_gate_temp_0p7,20,hf,0,3.906538486480713,,,0.00019975140457972884,,,,
E4_gate_temp_0p7,E4_gate_temp_0p7,90,hf,0,7.641383171081543,,,0.0001868154649855569,,,,
E4_gate_temp_0p7,E4_gate_temp_0p7,100,hf,0,5.963967323303223,,,0.00018345731950830668,,,,
E4_gate_temp_0p7,E4_gate_temp_0p7,130,hf,0,7.246121883392334,,,0.000171387437148951,,,,
E4_gate_temp_0p7,E4_gate_temp_0p7,160,hf,0,1.9969878196716309,,,0.00015668464766349643,,,,
E4_gate_temp_0p7,E4_gate_temp_0p7,170,hf,0,2.816528081893921,,,0.00015128993254620582,,,,
E4_gate_temp_0p7,E4_gate_temp_0p7,190,hf,0,2.337991714477539,,,0.00013989124272484332,,,,
E4_gate_temp_0p7,E4_gate_temp_0p7,270,hf,0,1.368841290473938,,,8.975972014013678e-05,,,,
E4_gate_temp_0p7,E4_gate_temp_0p7,290,hf,0,1.9401285648345947,,,7.712330261711031e-05,,,,
E4_gate_temp_0p7,E4_gate_temp_0p7,320,hf,0,1.7786900997161865,,,5.893623529118486e-05,,,,
E4_gate_temp_0p7,E4_gate_temp_0p7,340,hf,0,1.4023360013961792,,,4.7613546485081315e-05,,,,
E4_gate_temp_0p7,E4_gate_temp_0p7,370,hf,0,1.2095537185668945,,,3.229667345294729e-05,,,,
E4_gate_temp_0p7,E4_gate_temp_0p7,380,hf,0,1.3433449268341064,,,2.772051448118873e-05,,,,
E4_gate_temp_0p7,E4_gate_temp_0p7,400,hf,0,1.120645523071289,,,1.9999999494757503e-05,,,,
E4_gate_temp_0p7,E4_gate_temp_0p7,420,hf,0,1.6923428773880005,,,1.9999999494757503e-05,,,,
E4_gate_temp_0p7,E4_gate_temp_0p7,450,hf,0,1.3190910816192627,,,1.9999999494757503e-05,,,,
E4_gate_temp_0p7,E4_gate_temp_0p7,460,hf,0,1.5300909280776978,,,1.9999999494757503e-05,,,,
E4_gate_temp_0p7,E4_gate_temp_0p7,470,hf,0,1.1826883554458618,,,1.9999999494757503e-05,,,,
E4_gate_temp_0p7,E4_gate_temp_0p7,500,hf,0,1.4140112400054932,,,1.9999999494757503e-05,,,,
E4_gate_temp_0p7,E4_gate_temp_0p7,10,hf,1,9.925381660461426,,,0.00019999794312752783,,,,
E4_gate_temp_0p7,E4_gate_temp_0p7,20,hf,1,3.906538486480713,,,0.00019975140457972884,,,,
E4_gate_temp_0p7,E4_gate_temp_0p7,90,hf,1,7.641383171081543,,,0.0001868154649855569,,,,
E4_gate_temp_0p7,E4_gate_temp_0p7,100,hf,1,5.963967323303223,,,0.00018345731950830668,,,,
E4_gate_temp_0p7,E4_gate_temp_0p7,130,hf,1,7.246121883392334,,,0.000171387437148951,,,,
E4_gate_temp_0p7,E4_gate_temp_0p7,160,hf,1,1.9969878196716309,,,0.00015668464766349643,,,,
E4_gate_temp_0p7,E4_gate_temp_0p7,170,hf,1,2.816528081893921,,,0.00015128993254620582,,,,
E4_gate_temp_0p7,E4_gate_temp_0p7,190,hf,1,2.337991714477539,,,0.00013989124272484332,,,,
E4_gate_temp_0p7,E4_gate_temp_0p7,270,hf,1,1.368841290473938,,,8.975972014013678e-05,,,,
E4_gate_temp_0p7,E4_gate_temp_0p7,290,hf,1,1.9401285648345947,,,7.712330261711031e-05,,,,
E4_gate_temp_0p7,E4_gate_temp_0p7,320,hf,1,1.7786900997161865,,,5.893623529118486e-05,,,,
E4_gate_temp_0p7,E4_gate_temp_0p7,340,hf,1,1.4023360013961792,,,4.7613546485081315e-05,,,,
E4_gate_temp_0p7,E4_gate_temp_0p7,370,hf,1,1.2095537185668945,,,3.229667345294729e-05,,,,
E4_gate_temp_0p7,E4_gate_temp_0p7,380,hf,1,1.3433449268341064,,,2.772051448118873e-05,,,,
E4_gate_temp_0p7,E4_gate_temp_0p7,400,hf,1,1.120645523071289,,,1.9999999494757503e-05,,,,
E4_gate_temp_0p7,E4_gate_temp_0p7,420,hf,1,1.6923428773880005,,,1.9999999494757503e-05,,,,
E4_gate_temp_0p7,E4_gate_temp_0p7,450,hf,1,1.3190910816192627,,,1.9999999494757503e-05,,,,
E4_gate_temp_0p7,E4_gate_temp_0p7,460,hf,1,1.5300909280776978,,,1.9999999494757503e-05,,,,
E4_gate_temp_0p7,E4_gate_temp_0p7,470,hf,1,1.1826883554458618,,,1.9999999494757503e-05,,,,
E4_gate_temp_0p7,E4_gate_temp_0p7,500,hf,1,1.4140112400054932,,,1.9999999494757503e-05,,,,
E4_gate_temp_0p7,E4_gate_temp_0p7,30,nback,0,11.229157447814941,,,0.00019909498223569244,,,,
E4_gate_temp_0p7,E4_gate_temp_0p7,70,nback,0,22.377113342285156,,,0.00019244916620664299,,,,
E4_gate_temp_0p7,E4_gate_temp_0p7,120,nback,0,8.897438049316406,,,0.00017572742945048958,,,,
E4_gate_temp_0p7,E4_gate_temp_0p7,140,nback,0,8.994390487670898,,,0.00016675409278832376,,,,
E4_gate_temp_0p7,E4_gate_temp_0p7,210,nback,0,7.355561256408691,,,0.00012783754209522158,,,,
E4_gate_temp_0p7,E4_gate_temp_0p7,240,nback,0,7.287028789520264,,,0.00010896393359871581,,,,
E4_gate_temp_0p7,E4_gate_temp_0p7,330,nback,0,5.1152729988098145,,,5.3178689995547757e-05,,,,
E4_gate_temp_0p7,E4_gate_temp_0p7,390,nback,0,4.92796516418457,,,2.3441365556209348e-05,,,,
E4_gate_temp_0p7,E4_gate_temp_0p7,30,nback,1,11.229157447814941,,,0.00019909498223569244,,,,
E4_gate_temp_0p7,E4_gate_temp_0p7,70,nback,1,22.377113342285156,,,0.00019244916620664299,,,,
E4_gate_temp_0p7,E4_gate_temp_0p7,120,nback,1,8.897438049316406,,,0.00017572742945048958,,,,
E4_gate_temp_0p7,E4_gate_temp_0p7,140,nback,1,8.994390487670898,,,0.00016675409278832376,,,,
E4_gate_temp_0p7,E4_gate_temp_0p7,210,nback,1,7.355561256408691,,,0.00012783754209522158,,,,
E4_gate_temp_0p7,E4_gate_temp_0p7,240,nback,1,7.287028789520264,,,0.00010896393359871581,,,,
E4_gate_temp_0p7,E4_gate_temp_0p7,330,nback,1,5.1152729988098145,,,5.3178689995547757e-05,,,,
E4_gate_temp_0p7,E4_gate_temp_0p7,390,nback,1,4.92796516418457,,,2.3441365556209348e-05,,,,
E4_gate_temp_0p7,E4_gate_temp_0p7,40,repeat,0,12.187790870666504,,,0.00019803133909590542,,,,
E4_gate_temp_0p7,E4_gate_temp_0p7,50,repeat,0,16.015233993530273,,,0.00019656486983876675,,,,
E4_gate_temp_0p7,E4_gate_temp_0p7,180,repeat,0,6.507972240447998,,,0.00014568444748874754,,,,
E4_gate_temp_0p7,E4_gate_temp_0p7,220,repeat,0,6.862595081329346,,,0.0001216265736729838,,,,
E4_gate_temp_0p7,E4_gate_temp_0p7,230,repeat,0,5.562826633453369,,,0.00011532674398040399,,,,
E4_gate_temp_0p7,E4_gate_temp_0p7,250,repeat,0,5.542295932769775,,,0.00010256428504362702,,,,
E4_gate_temp_0p7,E4_gate_temp_0p7,260,repeat,0,5.277801036834717,,,9.61541009019129e-05,,,,
E4_gate_temp_0p7,E4_gate_temp_0p7,280,repeat,0,5.210418224334717,,,8.340741624124348e-05,,,,
E4_gate_temp_0p7,E4_gate_temp_0p7,310,repeat,0,5.137438774108887,,,6.48625209578313e-05,,,,
E4_gate_temp_0p7,E4_gate_temp_0p7,430,repeat,0,4.660804271697998,,,1.9999999494757503e-05,,,,
E4_gate_temp_0p7,E4_gate_temp_0p7,440,repeat,0,4.758156776428223,,,1.9999999494757503e-05,,,,
E4_gate_temp_0p7,E4_gate_temp_0p7,490,repeat,0,4.884885787963867,,,1.9999999494757503e-05,,,,
E4_gate_temp_0p7,E4_gate_temp_0p7,40,repeat,1,12.187790870666504,,,0.00019803133909590542,,,,
E4_gate_temp_0p7,E4_gate_temp_0p7,50,repeat,1,16.015233993530273,,,0.00019656486983876675,,,,
E4_gate_temp_0p7,E4_gate_temp_0p7,180,repeat,1,6.507972240447998,,,0.00014568444748874754,,,,
E4_gate_temp_0p7,E4_gate_temp_0p7,220,repeat,1,6.862595081329346,,,0.0001216265736729838,,,,
E4_gate_temp_0p7,E4_gate_temp_0p7,230,repeat,1,5.562826633453369,,,0.00011532674398040399,,,,
E4_gate_temp_0p7,E4_gate_temp_0p7,250,repeat,1,5.542295932769775,,,0.00010256428504362702,,,,
E4_gate_temp_0p7,E4_gate_temp_0p7,260,repeat,1,5.277801036834717,,,9.61541009019129e-05,,,,
E4_gate_temp_0p7,E4_gate_temp_0p7,280,repeat,1,5.210418224334717,,,8.340741624124348e-05,,,,
E4_gate_temp_0p7,E4_gate_temp_0p7,310,repeat,1,5.137438774108887,,,6.48625209578313e-05,,,,
E4_gate_temp_0p7,E4_gate_temp_0p7,430,repeat,1,4.660804271697998,,,1.9999999494757503e-05,,,,
E4_gate_temp_0p7,E4_gate_temp_0p7,440,repeat,1,4.758156776428223,,,1.9999999494757503e-05,,,,
E4_gate_temp_0p7,E4_gate_temp_0p7,490,repeat,1,4.884885787963867,,,1.9999999494757503e-05,,,,
E5a_force_g_0,E5a_force_g_0,60,copy,0,20.316783905029297,,,0.00019470159895718098,,,,
E5a_force_g_0,E5a_force_g_0,130,copy,0,9.905233383178711,,,0.000171387437148951,,,,
E5a_force_g_0,E5a_force_g_0,170,copy,0,7.76654577255249,,,0.00015128993254620582,,,,
E5a_force_g_0,E5a_force_g_0,280,copy,0,6.371662616729736,,,8.340741624124348e-05,,,,
E5a_force_g_0,E5a_force_g_0,300,copy,0,6.1669230461120605,,,7.093318708939478e-05,,,,
E5a_force_g_0,E5a_force_g_0,310,copy,0,6.389394760131836,,,6.48625209578313e-05,,,,
E5a_force_g_0,E5a_force_g_0,320,copy,0,5.953009605407715,,,5.893623529118486e-05,,,,
E5a_force_g_0,E5a_force_g_0,350,copy,0,6.30615234375,,,4.22636658186093e-05,,,,
E5a_force_g_0,E5a_force_g_0,370,copy,0,5.8408894538879395,,,3.229667345294729e-05,,,,
E5a_force_g_0,E5a_force_g_0,400,copy,0,5.594372749328613,,,1.9999999494757503e-05,,,,
E5a_force_g_0,E5a_force_g_0,420,copy,0,5.8131422996521,,,1.9999999494757503e-05,,,,
E5a_force_g_0,E5a_force_g_0,440,copy,0,5.55131196975708,,,1.9999999494757503e-05,,,,
E5a_force_g_0,E5a_force_g_0,60,copy,1,20.316783905029297,,,0.00019470159895718098,,,,
E5a_force_g_0,E5a_force_g_0,130,copy,1,9.905233383178711,,,0.000171387437148951,,,,
E5a_force_g_0,E5a_force_g_0,170,copy,1,7.76654577255249,,,0.00015128993254620582,,,,
E5a_force_g_0,E5a_force_g_0,280,copy,1,6.371662616729736,,,8.340741624124348e-05,,,,
E5a_force_g_0,E5a_force_g_0,300,copy,1,6.1669230461120605,,,7.093318708939478e-05,,,,
E5a_force_g_0,E5a_force_g_0,310,copy,1,6.389394760131836,,,6.48625209578313e-05,,,,
E5a_force_g_0,E5a_force_g_0,320,copy,1,5.953009605407715,,,5.893623529118486e-05,,,,
E5a_force_g_0,E5a_force_g_0,350,copy,1,6.30615234375,,,4.22636658186093e-05,,,,
E5a_force_g_0,E5a_force_g_0,370,copy,1,5.8408894538879395,,,3.229667345294729e-05,,,,
E5a_force_g_0,E5a_force_g_0,400,copy,1,5.594372749328613,,,1.9999999494757503e-05,,,,
E5a_force_g_0,E5a_force_g_0,420,copy,1,5.8131422996521,,,1.9999999494757503e-05,,,,
E5a_force_g_0,E5a_force_g_0,440,copy,1,5.55131196975708,,,1.9999999494757503e-05,,,,
E5a_force_g_0,E5a_force_g_0,10,hf,0,7.108983516693115,,,0.00019999794312752783,,,,
E5a_force_g_0,E5a_force_g_0,40,hf,0,2.813990354537964,,,0.00019803133909590542,,,,
E5a_force_g_0,E5a_force_g_0,50,hf,0,5.707991600036621,,,0.00019656486983876675,,,,
E5a_force_g_0,E5a_force_g_0,70,hf,0,2.918256998062134,,,0.00019244916620664299,,,,
E5a_force_g_0,E5a_force_g_0,80,hf,0,1.9869680404663086,,,0.00018981685570906848,,,,
E5a_force_g_0,E5a_force_g_0,100,hf,0,1.7594990730285645,,,0.00018345731950830668,,,,
E5a_force_g_0,E5a_force_g_0,110,hf,0,2.0043554306030273,,,0.00017975624359678477,,,,
E5a_force_g_0,E5a_force_g_0,140,hf,0,2.6388094425201416,,,0.00016675409278832376,,,,
E5a_force_g_0,E5a_force_g_0,150,hf,0,3.3512492179870605,,,0.0001618464448256418,,,,
E5a_force_g_0,E5a_force_g_0,180,hf,0,2.103633165359497,,,0.00014568444748874754,,,,
E5a_force_g_0,E5a_force_g_0,190,hf,0,2.3875527381896973,,,0.00013989124272484332,,,,
E5a_force_g_0,E5a_force_g_0,250,hf,0,1.648943543434143,,,0.00010256428504362702,,,,
E5a_force_g_0,E5a_force_g_0,290,hf,0,1.3374208211898804,,,7.712330261711031e-05,,,,
E5a_force_g_0,E5a_force_g_0,340,hf,0,1.3394715785980225,,,4.7613546485081315e-05,,,,
E5a_force_g_0,E5a_force_g_0,390,hf,0,1.7833536863327026,,,2.3441365556209348e-05,,,,
E5a_force_g_0,E5a_force_g_0,410,hf,0,1.649967074394226,,,1.9999999494757503e-05,,,,
E5a_force_g_0,E5a_force_g_0,450,hf,0,1.6739170551300049,,,1.9999999494757503e-05,,,,
E5a_force_g_0,E5a_force_g_0,470,hf,0,1.4156943559646606,,,1.9999999494757503e-05,,,,
E5a_force_g_0,E5a_force_g_0,480,hf,0,1.5402586460113525,,,1.9999999494757503e-05,,,,
E5a_force_g_0,E5a_force_g_0,10,hf,1,7.108983516693115,,,0.00019999794312752783,,,,
E5a_force_g_0,E5a_force_g_0,40,hf,1,2.813990354537964,,,0.00019803133909590542,,,,
E5a_force_g_0,E5a_force_g_0,50,hf,1,5.707991600036621,,,0.00019656486983876675,,,,
E5a_force_g_0,E5a_force_g_0,70,hf,1,2.918256998062134,,,0.00019244916620664299,,,,
E5a_force_g_0,E5a_force_g_0,80,hf,1,1.9869680404663086,,,0.00018981685570906848,,,,
E5a_force_g_0,E5a_force_g_0,100,hf,1,1.7594990730285645,,,0.00018345731950830668,,,,
E5a_force_g_0,E5a_force_g_0,110,hf,1,2.0043554306030273,,,0.00017975624359678477,,,,
E5a_force_g_0,E5a_force_g_0,140,hf,1,2.6388094425201416,,,0.00016675409278832376,,,,
E5a_force_g_0,E5a_force_g_0,150,hf,1,3.3512492179870605,,,0.0001618464448256418,,,,
E5a_force_g_0,E5a_force_g_0,180,hf,1,2.103633165359497,,,0.00014568444748874754,,,,
E5a_force_g_0,E5a_force_g_0,190,hf,1,2.3875527381896973,,,0.00013989124272484332,,,,
E5a_force_g_0,E5a_force_g_0,250,hf,1,1.648943543434143,,,0.00010256428504362702,,,,
E5a_force_g_0,E5a_force_g_0,290,hf,1,1.3374208211898804,,,7.712330261711031e-05,,,,
E5a_force_g_0,E5a_force_g_0,340,hf,1,1.3394715785980225,,,4.7613546485081315e-05,,,,
E5a_force_g_0,E5a_force_g_0,390,hf,1,1.7833536863327026,,,2.3441365556209348e-05,,,,
E5a_force_g_0,E5a_force_g_0,410,hf,1,1.649967074394226,,,1.9999999494757503e-05,,,,
E5a_force_g_0,E5a_force_g_0,450,hf,1,1.6739170551300049,,,1.9999999494757503e-05,,,,
E5a_force_g_0,E5a_force_g_0,470,hf,1,1.4156943559646606,,,1.9999999494757503e-05,,,,
E5a_force_g_0,E5a_force_g_0,480,hf,1,1.5402586460113525,,,1.9999999494757503e-05,,,,
E5a_force_g_0,E5a_force_g_0,20,nback,0,15.78203010559082,,,0.00019975140457972884,,,,
E5a_force_g_0,E5a_force_g_0,210,nback,0,8.253987312316895,,,0.00012783754209522158,,,,
E5a_force_g_0,E5a_force_g_0,260,nback,0,9.961275100708008,,,9.61541009019129e-05,,,,
E5a_force_g_0,E5a_force_g_0,270,nback,0,6.623752117156982,,,8.975972014013678e-05,,,,
E5a_force_g_0,E5a_force_g_0,330,nback,0,6.13251256942749,,,5.3178689995547757e-05,,,,
E5a_force_g_0,E5a_force_g_0,380,nback,0,5.416869163513184,,,2.772051448118873e-05,,,,
E5a_force_g_0,E5a_force_g_0,490,nback,0,5.085822105407715,,,1.9999999494757503e-05,,,,
E5a_force_g_0,E5a_force_g_0,500,nback,0,5.1396098136901855,,,1.9999999494757503e-05,,,,
E5a_force_g_0,E5a_force_g_0,20,nback,1,15.78203010559082,,,0.00019975140457972884,,,,
E5a_force_g_0,E5a_force_g_0,210,nback,1,8.253987312316895,,,0.00012783754209522158,,,,
E5a_force_g_0,E5a_force_g_0,260,nback,1,9.961275100708008,,,9.61541009019129e-05,,,,
E5a_force_g_0,E5a_force_g_0,270,nback,1,6.623752117156982,,,8.975972014013678e-05,,,,
E5a_force_g_0,E5a_force_g_0,330,nback,1,6.13251256942749,,,5.3178689995547757e-05,,,,
E5a_force_g_0,E5a_force_g_0,380,nback,1,5.416869163513184,,,2.772051448118873e-05,,,,
E5a_force_g_0,E5a_force_g_0,490,nback,1,5.085822105407715,,,1.9999999494757503e-05,,,,
E5a_force_g_0,E5a_force_g_0,500,nback,1,5.1396098136901855,,,1.9999999494757503e-05,,,,
E5a_force_g_0,E5a_force_g_0,30,repeat,0,11.126158714294434,,,0.00019909498223569244,,,,
E5a_force_g_0,E5a_force_g_0,90,repeat,0,8.876873970031738,,,0.0001868154649855569,,,,
E5a_force_g_0,E5a_force_g_0,120,repeat,0,8.345627784729004,,,0.00017572742945048958,,,,
E5a_force_g_0,E5a_force_g_0,160,repeat,0,8.200387954711914,,,0.00015668464766349643,,,,
E5a_force_g_0,E5a_force_g_0,200,repeat,0,9.657441139221191,,,0.00013393411063589156,,,,
E5a_force_g_0,E5a_force_g_0,220,repeat,0,6.857905387878418,,,0.0001216265736729838,,,,
E5a_force_g_0,E5a_force_g_0,230,repeat,0,5.806347370147705,,,0.00011532674398040399,,,,
E5a_force_g_0,E5a_force_g_0,240,repeat,0,6.480005741119385,,,0.00010896393359871581,,,,
E5a_force_g_0,E5a_force_g_0,360,repeat,0,5.1024603843688965,,,3.715103957802057e-05,,,,
E5a_force_g_0,E5a_force_g_0,430,repeat,0,4.880438327789307,,,1.9999999494757503e-05,,,,
E5a_force_g_0,E5a_force_g_0,460,repeat,0,4.878204822540283,,,1.9999999494757503e-05,,,,
E5a_force_g_0,E5a_force_g_0,30,repeat,1,11.126158714294434,,,0.00019909498223569244,,,,
E5a_force_g_0,E5a_force_g_0,90,repeat,1,8.876873970031738,,,0.0001868154649855569,,,,
E5a_force_g_0,E5a_force_g_0,120,repeat,1,8.345627784729004,,,0.00017572742945048958,,,,
E5a_force_g_0,E5a_force_g_0,160,repeat,1,8.200387954711914,,,0.00015668464766349643,,,,
E5a_force_g_0,E5a_force_g_0,200,repeat,1,9.657441139221191,,,0.00013393411063589156,,,,
E5a_force_g_0,E5a_force_g_0,220,repeat,1,6.857905387878418,,,0.0001216265736729838,,,,
E5a_force_g_0,E5a_force_g_0,230,repeat,1,5.806347370147705,,,0.00011532674398040399,,,,
E5a_force_g_0,E5a_force_g_0,240,repeat,1,6.480005741119385,,,0.00010896393359871581,,,,
E5a_force_g_0,E5a_force_g_0,360,repeat,1,5.1024603843688965,,,3.715103957802057e-05,,,,
E5a_force_g_0,E5a_force_g_0,430,repeat,1,4.880438327789307,,,1.9999999494757503e-05,,,,
E5a_force_g_0,E5a_force_g_0,460,repeat,1,4.878204822540283,,,1.9999999494757503e-05,,,,
E5b_force_g_1,E5b_force_g_1,10,copy,0,11.37003231048584,,,0.00019999794312752783,,,,
E5b_force_g_1,E5b_force_g_1,260,copy,0,5.865372657775879,,,9.61541009019129e-05,,,,
E5b_force_g_1,E5b_force_g_1,300,copy,0,6.05010461807251,,,7.093318708939478e-05,,,,
E5b_force_g_1,E5b_force_g_1,380,copy,0,5.356775760650635,,,2.772051448118873e-05,,,,
E5b_force_g_1,E5b_force_g_1,420,copy,0,5.739542484283447,,,1.9999999494757503e-05,,,,
E5b_force_g_1,E5b_force_g_1,10,copy,1,11.37003231048584,,,0.00019999794312752783,,,,
E5b_force_g_1,E5b_force_g_1,260,copy,1,5.865372657775879,,,9.61541009019129e-05,,,,
E5b_force_g_1,E5b_force_g_1,300,copy,1,6.05010461807251,,,7.093318708939478e-05,,,,
E5b_force_g_1,E5b_force_g_1,380,copy,1,5.356775760650635,,,2.772051448118873e-05,,,,
E5b_force_g_1,E5b_force_g_1,420,copy,1,5.739542484283447,,,1.9999999494757503e-05,,,,
E5b_force_g_1,E5b_force_g_1,40,hf,0,12.690046310424805,,,0.00019803133909590542,,,,
E5b_force_g_1,E5b_force_g_1,50,hf,0,9.303064346313477,,,0.00019656486983876675,,,,
E5b_force_g_1,E5b_force_g_1,80,hf,0,7.756722927093506,,,0.00018981685570906848,,,,
E5b_force_g_1,E5b_force_g_1,150,hf,0,7.743697166442871,,,0.0001618464448256418,,,,
E5b_force_g_1,E5b_force_g_1,200,hf,0,7.735391616821289,,,0.00013393411063589156,,,,
E5b_force_g_1,E5b_force_g_1,230,hf,0,7.614957809448242,,,0.00011532674398040399,,,,
E5b_force_g_1,E5b_force_g_1,240,hf,0,7.31016206741333,,,0.00010896393359871581,,,,
E5b_force_g_1,E5b_force_g_1,270,hf,0,7.093166828155518,,,8.975972014013678e-05,,,,
E5b_force_g_1,E5b_force_g_1,290,hf,0,7.587382793426514,,,7.712330261711031e-05,,,,
E5b_force_g_1,E5b_force_g_1,310,hf,0,7.2279438972473145,,,6.48625209578313e-05,,,,
E5b_force_g_1,E5b_force_g_1,370,hf,0,7.258315563201904,,,3.229667345294729e-05,,,,
E5b_force_g_1,E5b_force_g_1,400,hf,0,6.858761787414551,,,1.9999999494757503e-05,,,,
E5b_force_g_1,E5b_force_g_1,430,hf,0,6.956010341644287,,,1.9999999494757503e-05,,,,
E5b_force_g_1,E5b_force_g_1,450,hf,0,6.632715225219727,,,1.9999999494757503e-05,,,,
E5b_force_g_1,E5b_force_g_1,480,hf,0,6.778645992279053,,,1.9999999494757503e-05,,,,
E5b_force_g_1,E5b_force_g_1,490,hf,0,7.032104969024658,,,1.9999999494757503e-05,,,,
E5b_force_g_1,E5b_force_g_1,500,hf,0,6.771891117095947,,,1.9999999494757503e-05,,,,
E5b_force_g_1,E5b_force_g_1,40,hf,1,12.690046310424805,,,0.00019803133909590542,,,,
E5b_force_g_1,E5b_force_g_1,50,hf,1,9.303064346313477,,,0.00019656486983876675,,,,
E5b_force_g_1,E5b_force_g_1,80,hf,1,7.756722927093506,,,0.00018981685570906848,,,,
E5b_force_g_1,E5b_force_g_1,150,hf,1,7.743697166442871,,,0.0001618464448256418,,,,
E5b_force_g_1,E5b_force_g_1,200,hf,1,7.735391616821289,,,0.00013393411063589156,,,,
E5b_force_g_1,E5b_force_g_1,230,hf,1,7.614957809448242,,,0.00011532674398040399,,,,
E5b_force_g_1,E5b_force_g_1,240,hf,1,7.31016206741333,,,0.00010896393359871581,,,,
E5b_force_g_1,E5b_force_g_1,270,hf,1,7.093166828155518,,,8.975972014013678e-05,,,,
E5b_force_g_1,E5b_force_g_1,290,hf,1,7.587382793426514,,,7.712330261711031e-05,,,,
E5b_force_g_1,E5b_force_g_1,310,hf,1,7.2279438972473145,,,6.48625209578313e-05,,,,
E5b_force_g_1,E5b_force_g_1,370,hf,1,7.258315563201904,,,3.229667345294729e-05,,,,
E5b_force_g_1,E5b_force_g_1,400,hf,1,6.858761787414551,,,1.9999999494757503e-05,,,,
E5b_force_g_1,E5b_force_g_1,430,hf,1,6.956010341644287,,,1.9999999494757503e-05,,,,
E5b_force_g_1,E5b_force_g_1,450,hf,1,6.632715225219727,,,1.9999999494757503e-05,,,,
E5b_force_g_1,E5b_force_g_1,480,hf,1,6.778645992279053,,,1.9999999494757503e-05,,,,
E5b_force_g_1,E5b_force_g_1,490,hf,1,7.032104969024658,,,1.9999999494757503e-05,,,,
E5b_force_g_1,E5b_force_g_1,500,hf,1,6.771891117095947,,,1.9999999494757503e-05,,,,
E5b_force_g_1,E5b_force_g_1,20,nback,0,8.56528377532959,,,0.00019975140457972884,,,,
E5b_force_g_1,E5b_force_g_1,60,nback,0,11.331725120544434,,,0.00019470159895718098,,,,
E5b_force_g_1,E5b_force_g_1,90,nback,0,5.875622749328613,,,0.0001868154649855569,,,,
E5b_force_g_1,E5b_force_g_1,160,nback,0,6.488765716552734,,,0.00015668464766349643,,,,
E5b_force_g_1,E5b_force_g_1,170,nback,0,6.97573184967041,,,0.00015128993254620582,,,,
E5b_force_g_1,E5b_force_g_1,180,nback,0,5.696781158447266,,,0.00014568444748874754,,,,
E5b_force_g_1,E5b_force_g_1,190,nback,0,6.161624908447266,,,0.00013989124272484332,,,,
E5b_force_g_1,E5b_force_g_1,210,nback,0,5.329078674316406,,,0.00012783754209522158,,,,
E5b_force_g_1,E5b_force_g_1,280,nback,0,5.612420082092285,,,8.340741624124348e-05,,,,
E5b_force_g_1,E5b_force_g_1,330,nback,0,4.94643497467041,,,5.3178689995547757e-05,,,,
E5b_force_g_1,E5b_force_g_1,340,nback,0,4.9388227462768555,,,4.7613546485081315e-05,,,,
E5b_force_g_1,E5b_force_g_1,440,nback,0,4.9961090087890625,,,1.9999999494757503e-05,,,,
E5b_force_g_1,E5b_force_g_1,20,nback,1,8.56528377532959,,,0.00019975140457972884,,,,
E5b_force_g_1,E5b_force_g_1,60,nback,1,11.331725120544434,,,0.00019470159895718098,,,,
E5b_force_g_1,E5b_force_g_1,90,nback,1,5.875622749328613,,,0.0001868154649855569,,,,
E5b_force_g_1,E5b_force_g_1,160,nback,1,6.488765716552734,,,0.00015668464766349643,,,,
E5b_force_g_1,E5b_force_g_1,170,nback,1,6.97573184967041,,,0.00015128993254620582,,,,
E5b_force_g_1,E5b_force_g_1,180,nback,1,5.696781158447266,,,0.00014568444748874754,,,,
E5b_force_g_1,E5b_force_g_1,190,nback,1,6.161624908447266,,,0.00013989124272484332,,,,
E5b_force_g_1,E5b_force_g_1,210,nback,1,5.329078674316406,,,0.00012783754209522158,,,,
E5b_force_g_1,E5b_force_g_1,280,nback,1,5.612420082092285,,,8.340741624124348e-05,,,,
E5b_force_g_1,E5b_force_g_1,330,nback,1,4.94643497467041,,,5.3178689995547757e-05,,,,
E5b_force_g_1,E5b_force_g_1,340,nback,1,4.9388227462768555,,,4.7613546485081315e-05,,,,
E5b_force_g_1,E5b_force_g_1,440,nback,1,4.9961090087890625,,,1.9999999494757503e-05,,,,
E5b_force_g_1,E5b_force_g_1,30,repeat,0,7.773344993591309,,,0.00019909498223569244,,,,
E5b_force_g_1,E5b_force_g_1,70,repeat,0,11.863790512084961,,,0.00019244916620664299,,,,
E5b_force_g_1,E5b_force_g_1,100,repeat,0,6.829832077026367,,,0.00018345731950830668,,,,
E5b_force_g_1,E5b_force_g_1,110,repeat,0,6.913904666900635,,,0.00017975624359678477,,,,
E5b_force_g_1,E5b_force_g_1,120,repeat,0,6.003183364868164,,,0.00017572742945048958,,,,
E5b_force_g_1,E5b_force_g_1,130,repeat,0,6.3974456787109375,,,0.000171387437148951,,,,
E5b_force_g_1,E5b_force_g_1,140,repeat,0,5.952017784118652,,,0.00016675409278832376,,,,
E5b_force_g_1,E5b_force_g_1,220,repeat,0,5.743556022644043,,,0.0001216265736729838,,,,
E5b_force_g_1,E5b_force_g_1,250,repeat,0,5.562915325164795,,,0.00010256428504362702,,,,
E5b_force_g_1,E5b_force_g_1,320,repeat,0,5.376291751861572,,,5.893623529118486e-05,,,,
E5b_force_g_1,E5b_force_g_1,350,repeat,0,5.499317646026611,,,4.22636658186093e-05,,,,
E5b_force_g_1,E5b_force_g_1,360,repeat,0,5.425304412841797,,,3.715103957802057e-05,,,,
E5b_force_g_1,E5b_force_g_1,390,repeat,0,5.36305046081543,,,2.3441365556209348e-05,,,,
E5b_force_g_1,E5b_force_g_1,410,repeat,0,5.325802803039551,,,1.9999999494757503e-05,,,,
E5b_force_g_1,E5b_force_g_1,460,repeat,0,5.319420337677002,,,1.9999999494757503e-05,,,,
E5b_force_g_1,E5b_force_g_1,470,repeat,0,5.424520015716553,,,1.9999999494757503e-05,,,,
E5b_force_g_1,E5b_force_g_1,30,repeat,1,7.773344993591309,,,0.00019909498223569244,,,,
E5b_force_g_1,E5b_force_g_1,70,repeat,1,11.863790512084961,,,0.00019244916620664299,,,,
E5b_force_g_1,E5b_force_g_1,100,repeat,1,6.829832077026367,,,0.00018345731950830668,,,,
E5b_force_g_1,E5b_force_g_1,110,repeat,1,6.913904666900635,,,0.00017975624359678477,,,,
E5b_force_g_1,E5b_force_g_1,120,repeat,1,6.003183364868164,,,0.00017572742945048958,,,,
E5b_force_g_1,E5b_force_g_1,130,repeat,1,6.3974456787109375,,,0.000171387437148951,,,,
E5b_force_g_1,E5b_force_g_1,140,repeat,1,5.952017784118652,,,0.00016675409278832376,,,,
E5b_force_g_1,E5b_force_g_1,220,repeat,1,5.743556022644043,,,0.0001216265736729838,,,,
E5b_force_g_1,E5b_force_g_1,250,repeat,1,5.562915325164795,,,0.00010256428504362702,,,,
E5b_force_g_1,E5b_force_g_1,320,repeat,1,5.376291751861572,,,5.893623529118486e-05,,,,
E5b_force_g_1,E5b_force_g_1,350,repeat,1,5.499317646026611,,,4.22636658186093e-05,,,,
E5b_force_g_1,E5b_force_g_1,360,repeat,1,5.425304412841797,,,3.715103957802057e-05,,,,
E5b_force_g_1,E5b_force_g_1,390,repeat,1,5.36305046081543,,,2.3441365556209348e-05,,,,
E5b_force_g_1,E5b_force_g_1,410,repeat,1,5.325802803039551,,,1.9999999494757503e-05,,,,
E5b_force_g_1,E5b_force_g_1,460,repeat,1,5.319420337677002,,,1.9999999494757503e-05,,,,
E5b_force_g_1,E5b_force_g_1,470,repeat,1,5.424520015716553,,,1.9999999494757503e-05,,,,
